post_id	preds
1	['bv7hvc1e', 'pxo11hwp', 'qgwu9fsk', 'x4zuv4jo', '26kx1b0h']
2	['855atuue', 'wigakw9h', 'evf9nz05', 'gjsrfmj4', 'in69fhw9']
3	['00ugdhvf', 'gtp5daep', 'trrg1mnw', '2kd89h12', 'm3m2n3fw']
4	['ru2ty1y9', 'enlj85zc', 'wabd3b9z', 'dzzvmmdy', '1zp73mvu']
5	['f5p37j7g', 'nzat41wu', '6sgeraws', 'zh939alw', 'n0uy6hd2']
6	['vdd8uuv8', 'hhy9g1yf', 'on53pegz', 'tuqmar6w', 'xltcax0k']
7	['orddpgl3', '4888p05u', '1adt71pk', 'k7b8wj56', 'cj7ygzfy']
8	['uuxo3jk9', '5nyc1cn5', 'dlwwcryb', 'jgcv1wf3', 'e4xw6gyp']
9	['atnxkvy6', '3ybiysp4', '611ih9pl', '46r46ja3', 'ro3o27pv']
10	['2tre0wat', 'ximw03ej', 'vvmb92wo', 'f96qs295', 'gtwg0m54']
11	['l4u01fzk', '4oxbczqe', 'jp80u828', '3cl3q80m', '1aruw47h']
12	['yztfkwkc', 'iu6epm2i', '4unn3fmu', '4gj9d181', 'ldz5366v']
13	['idhbd102', '6gqxf34l', 'vc0ezpp7', '0999t5x0', 'hpcqbohs']
14	['58r5wcwd', 'geo7ac5i', 'tlr243il', '25aj8rj5', 'roi3lta6']
15	['nbdk83ok', 'tb8k979g', 'g05z8cux', '8jbisapd', '4rzttwyp']
16	['v9366atg', 'qu7ddcw9', '9x60jukk', 'jowowl0v', 'u99omznb']
17	['h2uc7ria', 'ccxnsmia', 'bawgldfi', 'j99cgsjt', 'o47v5vgw']
18	['1s8jzzwg', 'ropgq7tr', 'x9sfgtim', 'f96qs295', '8je46886']
19	['fff0swre', 'upf0ecx7', 'ce9jq0hq', 'ysd9pmq1', 'l9u3c1dg']
20	['xpwv8xlv', 'cnmawglq', '7zdi0y2s', '1aqf98e0', 'upiu3e2d']
21	['y7s6qt6j', 'llcit7x2', 'ycxyn2a2', 'wnlse824', 'psrsed4b']
22	['br20k96q', 'qexarxjl', '1a7ugd24', 'rcdoewwv', 's1ypdhzv']
23	['8f83k2ce', 's2j4qf0j', 'hqkrer9m', 'q8l3ra55', '8gl323hs']
24	['raw2mt47', 'dt7hip0z', 'flqdf8vd', 'wk61uyrt', 'lrgmyfjs']
25	['uzry86hi', 'n9nu5n44', '2q6qmex3', 'h4kc04w0', 'ezrarusj']
26	['i0bc6k81', '7fyhx6c2', '8393t8xl', '7yldl4ld', 'jyxrk9bz']
27	['q3h8afld', '8ubugbn3', 'y0u00y67', '32ua8wb6', 'ryfz5xsj']
28	['f96qs295', 'nv1w6juh', 'wn98fql3', 'xtmn1n0r', 'ropgq7tr']
29	['r5iu5nr1', 'pg69ww3a', 'cfhu5246', 'yjqt74q0', 'rv2padg9']
30	['vw8a1994', '8pislcjr', 'd1pgjtjh', 'glyoiu93', 'kxx3szjq']
31	['ob10sxfv', 'q8o1czcx', 'j80mp0kn', 'p8ckcvyj', '2xzntu5c']
32	['gb1sk22m', 'mt0c57cp', 'm2z6k2va', 'pppb83nc', 'mkgszhkk']
33	['7zngkwoh', 'upiu3e2d', 'iylmvmv3', '1aqf98e0', 'fj6l76hq']
34	['os0sslxc', 'vp2t4xkn', 'pq571myy', 'psaq958v', 'v0y734lu']
35	['7tp8z7n8', '0shy9q2l', 'gi3vfi68', 'cr2cute3', 'rlr17nah']
36	['383sp7f5', 'u31ixcwa', 'a5av0dq8', 'iuziorsk', '2qwk2z22']
37	['8l1vfsbc', '08p8ns2d', 'mg8uyeuh', 'g05z8cux', 'i513q4l4']
38	['vryngrq8', '4vvuye8u', 'ldmjcf2n', 'wbix36hf', 'jurqttdg']
39	['lvvw1npq', 'po32j519', 'gi3vfi68', 'cymppa7g', 'rlr17nah']
40	['ep6uuulm', '87fruomm', '2ejg2ngh', '0qnvydux', '42i1i6br']
41	['y0u00y67', '08z6z7d5', 'ryfz5xsj', '1blzi9r3', 'w01dub6y']
42	['l4y7v729', 'ike8mgh6', 'qi1henyy', '0imnd2q5', '9b6cepf4']
43	['52lf5gzr', 'gcsew8u3', 'fai1kymu', 'dljqpvyk', 'jpby8m6r']
44	['0r580il2', 'ax3e82js', 'r76tqrwz', 'jiunpwz9', 'fien6nra']
45	['l2i3aa3k', 's2vckt2w', 'qxxn1zf9', 'vc6j8ao2', 'vrs88dcy']
46	['xegy9krj', 'urv9o2f1', '5zhjn3u2', 'lnxsblg3', 'ngpl6xs1']
47	['0extp6r3', 'xolflz8g', '7iqyaitx', '302hphhx', 'khkw1hhv']
48	['fe456in0', 'xtnyad3j', '6vqf2n5j', '9vej295g', 'jnwuu08w']
49	['bqy5eo3p', 'zb7ge4b8', '2pufns7d', 'y502wp0u', 'il4wa97x']
50	['4hmecfi0', 'cbhlzemx', 'entkqcn3', 'duqgd4gs', 'r66vfirw']
51	['uj5deryi', 'hmkqnply', 'tl39u0h9', '0pptqw7o', 'kdxoyvsv']
52	['g5h4tazp', 'tuqmar6w', 'hhy9g1yf', 'd2xc1hew', 'osct0lj6']
53	['apfimvix', '4vkkaqhz', 'ftq6ed38', '5nr3j1ew', '5iudn4kq']
54	['4ehxnzc7', 'cpqeo65g', 'wt6bp8os', '1lz5xobh', '68d30i8k']
55	['vvmb92wo', 'g57r3son', 'usyduiti', 't0iw2vod', 'hl956i02']
56	['vc6j8ao2', 'w3d33mq0', 'ex3s7ytv', 'jp3pijw2', 'vrs88dcy']
57	['ypmeh8y3', 'ydh4ve24', 'bvzi49hy', '8x3lqokw', 'rhnr430g']
58	['opda8pjy', 'z33cg3nj', 'x88qugn9', 'd2pzezq8', 'm4hwwhux']
59	['ezrmuw48', 'b9b6ww9q', 'cvouxqxy', 'zqg1r6c8', 'bkf7zbg7']
60	['3mfwweyr', 'uto9q6s2', 'qlwergum', 'ngbnnpni', 'sjsaw6yv']
61	['sygm6irl', '2l883zhe', 'dqhdws5k', 'qeqd4soe', '80xhhcpm']
62	['25aj8rj5', '00ugdhvf', '58r5wcwd', 'dikrttn6', 'tx2dwo04']
63	['5o9bbspc', 'tdlcb9bf', '195h4ofw', 'iz74o9de', 'ktwazcrd']
64	['1992wisb', 'o3cr0xvm', '7a7oi5dt', '09jbs6mx', 'ct4licep']
65	['xmd8fh95', '3u3i5myh', 'a4klrp3h', 'z6cdyy0w', 'v5eth1m3']
66	['uejtwgar', 'zt5alyy2', 't019zx7q', 'z1wwlea2', 'qxtcbksp']
67	['q7pieq3w', '5nue46dm', '2m6ks6nd', 'n040i865', 'lpqdnuil']
68	['txnegebz', 'eflwztji', '5upb25gt', '7kxi7px1', 'yzn6jibu']
69	['kayh0v56', 'zew4tzy7', 'eq5qqshb', 'lpar7tc8', '5azti19e']
70	['7f33cu6l', '4gxff3rd', 'qqbe2bop', 'jswlq6wp', 'msovjuk4']
71	['z94skip6', 'pta8enbu', 'z77wg8j9', 'hbyxy4ln', 'shfkl0bs']
72	['1itor6ic', 'dw760gqj', 'zvmwubuk', 'gg5c8v7d', 'vpqwkmlv']
73	['qdmkx03t', '3tfof5nd', '9bhi3rqu', 'v8ujnrbi', '7fua7kgs']
74	['1aqf98e0', 'w3ls1d7w', '844229sb', 'w1bx4a7v', '1vcc1khg']
75	['0bh8i14e', '5lzixulv', 's4xintwp', 'o476dtgd', 'qxtcbksp']
76	['cgc0v1dg', 'd0lulco7', '164yx77a', '095g2l66', 'rkgrsiqf']
77	['pbb9nrba', 'dyxyab5g', 'pj7no3fe', 'rv26qfmf', 'ml8arkpd']
78	['5q8k71et', 'mjm2kap6', '42i1i6br', 'y26bsn0n', 'h61b3bsm']
79	['2f7wqamp', '2rx84imv', 'w2c01295', '8je46886', 'umvrwgaw']
80	['7qxs79qy', 'hdhpmhaa', '033phqmd', 'edx9z9oi', 'fnedip6k']
81	['7yocj24n', 'kgmugkmw', 'spkjn8bq', 'mpeugvt9', 'fnguelau']
82	['d0cd89hs', 'pjllicm7', 'i3iy8ax9', '3itek36y', 'edr7hrhp']
83	['faxm9rhz', 'b6lq0aue', 't5k8o6sb', 'qgzc1moh', 'bgr4h7kn']
84	['ca3h96bx', 'o8lasxcb', 'pfgloqz5', 'e7uvbra5', '65ois1qn']
85	['hpbcwiwf', 'lmzkseiz', 't023li1a', 'mwj0xc3q', '5m23wtpi']
86	['t0iw2vod', 'f96qs295', 'opjfy3xr', 'wq92nfnd', 'x9sfgtim']
87	['hlulg3wf', '2w80hys9', '24ie3mhq', '0bdi3yxk', 'cv6no7nw']
88	['1ef8ac5c', 'wjktna81', 'vnb7g17n', '9kk8pevp', 'm45teajz']
89	['a7eabvvo', 'ii3di3dz', 'x4mgnhbg', 'jpenhh92', 'otp1atui']
90	['l5sn0cx6', '630w2rtn', 'b6bl0xrc', '4gj7qdtw', 'vxmamhkx']
91	['2zbm4iwn', 'wk3fh9ke', 'a7nj8sgl', '60sbhzfs', 'piev4id4']
92	['vg96f35h', 'mrsya6wz', 't22hwoeb', '9p73l3rw', 'igm2qr4p']
93	['xpwv8xlv', 'n5bqf6rj', 'r3w90vg8', '607lsqlg', '3fiqpart']
94	['8gl323hs', 'vj6sw2ne', 'dcli6uaq', 'hfk8nikl', 'waerqfzu']
95	['1l4o9pko', 'aakzdkcj', '9wnkmn27', 'jiunpwz9', 'd21lvneh']
96	['ukdylwb7', 'uifnjio5', 'dudc5eh8', '39zvwm0s', 'dpws8p4y']
97	['8bihly91', '0si51n85', 'u6b8iwr0', '34eot3zh', 'bu5kfsfi']
98	['dbxufi3m', '518rjfnc', 'pmd1n2l1', '6d3qvtne', 'yqx0xqz9']
99	['atloc9th', 'olhgu24h', '7y6ok9a2', 'c59vfq1o', 'jgq968f6']
100	['pb25lrnw', 'g4hlvnmq', 'ydh4ve24', '9uxazk87', 'vmizkujc']
101	['u95kg3m0', 'nles7ymd', 'fw211spn', '4img2we6', 'j2tyjo1j']
102	['aj885nl0', 'z92xqedn', 'hkk23tqt', '2w6p6jji', 'dyrn6z9a']
103	['6y6e5qgj', 'spohl5ey', 'a3i3t6od', 'wa4gt5sy', 'spkjn8bq']
104	['l4y7v729', '0r0zdpds', 'ike8mgh6', 'qi1henyy', '0hbyplqq']
105	['7qpwux9w', 'xnrp2tpd', 'mkl7rvr6', 'wi1slkpf', 'dm6pznm2']
106	['8rogsybc', 'x3q2dgdu', 'jqwoxfsc', 'gw9hkw00', '30r8zd0l']
107	['suw0h7s3', 'b0545v23', '9bn2w5mr', 'zwil22bs', 'jk0ju2eb']
108	['rhbqgjnm', 'fj6l76hq', 'upiu3e2d', '1aqf98e0', 'ropgq7tr']
109	['hgqohdct', 'zaibt2fq', 'khji80nm', '296ilxyg', '5q8k71et']
110	['0retx7ty', 'h2vct9h5', 'po6cqv4m', 'nro623aa', 'adh6j7m1']
111	['o86wki37', 'k2qertx2', 'f95ext4b', 'zqjadbvh', 'rlhayt20']
112	['9bhi3rqu', '7fua7kgs', '898oxxqi', 'qdmkx03t', '3tfof5nd']
113	['72f64kpf', 'k4ubol2x', 'y6ufb4l6', 'vkxf3gha', 'hmjaz4kc']
114	['8r8586br', 'eo8rbcy2', 'nyvluckw', 'myqli11j', 'yuppix3r']
115	['bmgfoine', 'nle4axad', 'rr87vhd0', 'fq9wx29o', 'f1ckv4bk']
116	['rc5d6wi3', 'k457kqlo', 'xjc0l0tv', 'o3cr0xvm', '1992wisb']
117	['xochpgld', '8jxacsfr', 'yfdcgilr', '4mjg7jul', '4cqf9v2v']
118	['opckeugf', 'lpoxaetv', 'jgs4jszx', 'n1ysi7qc', 'feohcey3']
119	['iha9gjt4', 'gb1sk22m', 'q3mx0hf1', 'tnwafdr0', 'ra2njvcz']
120	['q17jutw0', 't2np6qa5', '5al7jmeb', 'n311ptne', 'mcc37ogt']
121	['k3mz6lf1', 'zbkx78mm', '8s7zy55f', '66j24qm4', '4kgnx00l']
122	['913sln1q', 'tki4l0gb', 'wcqr1cxm', '4bw26042', 'opw9cmbe']
123	['dyxfsojh', 'f2zgrgva', 'wmocjiwh', 'm2nupp4k', 'xee6npr3']
124	['nnxlzxdt', '4budtw8s', 's9b631ee', '8qml9rrb', '3ubithu4']
125	['o8gdpf0i', 'k2f667sc', '5o9bbspc', '195h4ofw', 'ujy4i5uu']
126	['gw6qnwe3', 'xyyhup28', 'ozt85cz2', 'x6sdpk6v', '8v7150vv']
127	['k6cumncp', 'dwgxrbag', 'llo64qbp', 'qfrabyp7', '5ifrkb75']
128	['qj1v04cf', '1adofojj', 'k36t200n', 'a6gczznx', '6d3qvtne']
129	['lfo6otkc', 'o47v5vgw', 'q92unteg', 'o877uul1', 'mw0wb8a8']
130	['p3cxk8gd', 'rdmmnnjd', 'zp3efdn7', 'aaznc5qi', 'jm4dmnxz']
131	['qv6oxjwd', '3kk1l0ag', '6ulvk9hv', 'o7ww2prj', 'asdcpvhx']
132	['1otgdo19', 'sb5ce0g3', 'koybwabx', 'zydm23pf', 'rtvvs3tv']
133	['93amoypt', '1fxb5vru', 'anu3pahh', 'gcr0i406', '48frs5mc']
134	['i0wbfhu0', 'x2a32lml', 'vmmwtdia', 'kde51mn0', 'ocl5qf9o']
135	['wslsqytj', 'pq571myy', 'mmr04tsm', 'aefzogn3', 'jvgq2p61']
136	['hfbi7sk5', '42i1i6br', 'zkb1zbvq', '387spphe', '828s0mtz']
137	['uohbxoeb', 'oyr4klqk', 'a40yhtqk', 'p6uliadr', 'bzeqs5oh']
138	['wk3fh9ke', '4unn3fmu', 'iu6epm2i', 'v4c1lgpd', 'vdgu6h0a']
139	['ti8hnjgc', 'wpuf4ofo', 'xfqst9fl', 'o6kj5b97', 'yy8mbw1a']
140	['urv9o2f1', 'bzzln9kc', '6mzqk12f', 'jk0ju2eb', 'sjsaw6yv']
141	['7as9f1n6', '7mcfehzc', 'gttuxtw6', '8r8586br', '1w3x0g42']
142	['rmyy6fni', '0dp28rsd', 'pmoqdo7i', 'q4gattkk', 'cmeiqnng']
143	['spohl5ey', 'wa4gt5sy', 'mqzus147', 'ddwrvlc9', 'pmd78j61']
144	['tra5ewc5', 'i1yf8fgk', '763v4duh', '9mn6trtn', '0r0zdpds']
145	['vu1f1hp6', 'krg8jvfz', 'q58dzxwc', 'y77rbrnd', 'b9vm3x3w']
146	['lgtpeqhw', 'qeqd4soe', 'zvmwubuk', 'yn9qcwvq', 'hjmjav50']
147	['nz976qc6', 'fien6nra', '9wnkmn27', 'rh2jrojk', 'l97yi8l9']
148	['jqueo6zg', '8a8eheip', 'odlf9z1w', '9l3x3owc', 'ir20eiqr']
149	['4jjhc5zo', 'jgq968f6', 'il5307pl', 'ffyavhm0', '9169o29b']
150	['q5f98qzk', 'vm1o1cel', 'p6k449j5', 'an8957d8', '5oj6bqta']
151	['59u9ezr2', 'ho5n7n90', 'li8kvzdh', '6hl6rtsh', 'isk5cu0k']
152	['5zt4qx4q', 'flxbomsx', 'jw6kh8os', '0ho4f5wg', '6ys3uogb']
153	['7y6ok9a2', '4p6fcy8f', '7s79900j', 'svi7syld', 'pm3ck1gk']
154	['1w3x0g42', 'ip9geldg', '5y6gjl2t', '7mcfehzc', 'nj94rv6f']
155	['dcfqvp4p', 'wqicq5ry', 'n2kn7o67', 'c2manjgx', 'yrxgaiy7']
156	['hfbi7sk5', '42i1i6br', 'klj710h2', '828s0mtz', 'r440fw19']
157	['xnrb0byz', '8o2xddof', 'fub50lvt', '2l883zhe', 'rh2jrojk']
158	['hqapg5ow', 't0iw2vod', 'opjfy3xr', 'wn98fql3', 'wq92nfnd']
159	['zcnr1e2f', 'zcxxk9hd', 'fi7a0qvj', 'nz42wegs', 'h0ex5siq']
160	['9wnkmn27', 'lm73oj21', 'qeqd4soe', 'ivy95jpw', 'l97yi8l9']
161	['2q6qmex3', 'h4kc04w0', 'ezrarusj', 'k4lqkqnx', 'fob3kiz4']
162	['xpwv8xlv', '9ds4ot1q', '2bupc5jh', 'cnmawglq', 'e1mnj7bf']
163	['6j45mmjh', 'm41w2007', '2r0a357c', 'gi3vfi68', '92tvskxw']
164	['wl2iuup5', '748c97u7', 'ojr558x6', 'qt3kk30m', '4zxfghz3']
165	['9oui0l6v', 'gg2swy7i', 'e1macqqm', 'ppe8br4z', 'b9b6ww9q']
166	['ffy19pp9', 'faj85qxc', 'cmp1bvhd', 'vszrekp9', '6oicmeam']
167	['2bupc5jh', 'rhbqgjnm', 'gu4mz2vp', 'gh9sy7sl', 'dczcruim']
168	['qa2pgjvj', 'wzz5ioek', 'ithv0k5k', 'ba5h6uhu', 'qgzc1moh']
169	['ny7wkswf', 'uxz185vr', 'oz047qmf', 'klh90lvp', 'n2rec4i8']
170	['4img2we6', 'mup5hr7e', '7aaiyppx', 's1ypdhzv', 'u07jsjmf']
171	['8gl323hs', 'p7foay4k', 'a7eabvvo', '9ige2pwd', 'x4mgnhbg']
172	['xtraspw2', 'mnjy6bq2', 'w2c01295', 'dxrltm25', 'mkgszhkk']
173	['n8j1iq8p', 'q1mq5f2t', '59u9ezr2', 'li8kvzdh', '7xb7hj9u']
174	['gtp01rna', 'lbrpbhpg', 'bfm45zas', '6j45mmjh', '6a728le9']
175	['gzk9xbzk', 'wr9ko6l5', 'b1fzmxdg', 'i69uuezd', 'l2ak5ygj']
176	['164yx77a', '6zfpcm4j', 'cfkh0ypy', 'd0lulco7', 'yxkub54e']
177	['x1uc10m5', 'yhap30qx', 'xcsl2evz', 'lnnsxwk2', 'tl16qf33']
178	['pzqmg22v', 'y12veqre', 'fcdwitxy', 'iz74o9de', 'otp1atui']
179	['v29jmh6s', 's0374olh', 'h2sryzwn', 'cbhlzemx', '4hmecfi0']
180	['122yi9np', '5tpkcd5z', 'z1onkz6u', 'fpexa30s', '7oipjzq1']
181	['k2f667sc', 'hqkrer9m', 'q8l3ra55', 'mzon01fd', 's1hmhupe']
182	['y0qrxya9', 'vxaf9e7w', 'tat66vxm', 'yj43g21h', 'msg9j0lb']
183	['qnuphz59', 'jlnopr1j', '8cd5z4di', '28fu4ptm', 'jwei2g97']
184	['jhge9qy5', '4mjrpjit', 'zelsywyu', '7hporv6w', 'k1uvqaaa']
185	['hert77y1', 'e5flh0af', '14alhxc3', 'jz6o9gnb', '2v6zigt8']
186	['8t5r7ts4', 'fofw6fmx', 'dxks8jiv', 'kn4spasn', 'qpbcwf5w']
187	['b9b6ww9q', 'dsg0p37t', 't3qn61pn', '9oui0l6v', 'ppe8br4z']
188	['ba9uog5m', '2ehuuvnx', '4mp1iu55', 'j58f1lwa', 'bturl9cx']
189	['rpa2v44v', 'w7o2r4g1', 'nvebqwwh', 'a40yhtqk', 'vuzbni5m']
190	['ny7wkswf', 'uxz185vr', 'oz047qmf', 'klh90lvp', '71x3b75z']
191	['hqapg5ow', 'wdvuweiq', '5b9jytph', 'usyduiti', '8ko7mmu3']
192	['kt7km3jb', 'gcsew8u3', 'j7ltjn4k', '4xs9avr0', 'vsphu6ih']
193	['l9u3c1dg', 'r6943zpb', 'ncfvllzi', 'xmtv0v6q', 'w1pv8dsg']
194	['ronhrs29', 'ro29tdt8', 'xyuj1j57', '4ztasd7r', 'had5tqie']
195	['ylojjfri', 'yl7g2vlq', '7hvq9qaj', 'z3ktkgyp', 'yxkub54e']
196	['0ml57rhr', 'x7qlnugx', 'byvsuvn0', 'q5veu992', 'n2rec4i8']
197	['cbhlzemx', 's0374olh', 'v29jmh6s', 'uba4wym6', 'p1ayih2z']
198	['3w5ouagx', 'b5eve7re', 'sgo76prc', 'f74g59b0', '52jtd51o']
199	['4haf8aaw', '944pn0k9', '2146o727', 'e85xdrcw', 's0w95qdn']
200	['rr0v0ju1', '1adt71pk', 'ivue7zob', 'k7b8wj56', '04qjro8w']
201	['3kjckx8o', 'phl4mmpt', 'kjd2t69f', 'usi65ft4', 'fuvyeq3k']
202	['amw2c96l', 'r7aqsyfl', 'dkfohub3', 'qa1tbu6t', 'rcb943w2']
203	['pn516wom', 'gtp01rna', 'oxa060jf', 'lbrpbhpg', 'bfm45zas']
204	['t3dzso36', 'nt1e70dv', 'mx30g5w8', 'q4zuslmp', 'rb20ge7e']
205	['9kfs73sr', 'idlmau69', 'mmr04tsm', '1992wisb', 'o3cr0xvm']
206	['2f7wqamp', '2rx84imv', 'knbngla3', 'hl956i02', 'mnjy6bq2']
207	['v9366atg', 'qu7ddcw9', 'xlscrlc9', '2u44c7oi', 'rgmurgbf']
208	['4zd58eqy', 'pl6dpxkz', '6e0yre69', 'vwgvlqml', '0gier0lu']
209	['utak6i4e', 'vmizkujc', 'g4hlvnmq', 'ub7ilx98', 'b0wy5zz4']
210	['rr0v0ju1', '04qjro8w', 'y3jx6fvj', 'evf9nz05', 'n9fddzn8']
211	['go0tueah', '33wpjnko', 'tu1vevx9', 'awn23o8y', 'y0wu60n4']
212	['wigakw9h', 'd4upbc3v', 'cn0hqvsz', 'ot1uz6vc', 'ks0zkp57']
213	['tgqcnfa0', 'tlfvjcy2', 'jm4dmnxz', 'rdmmnnjd', '8nil3u2k']
214	['37gpov43', 'dqbvnr0y', '8h0yfvf8', '43eh69dx', '5rpd8d0t']
215	['nli8ccyv', 'dyrn6z9a', '0g3pro4v', 't46giw1h', 'rtus1qyw']
216	['6pruwy09', 'hah9mrnh', 'nbn44sxq', 'p91dk324', 's1ypdhzv']
217	['svsib7yj', 'w4m9agd0', 'qw2ct68h', '8so80bf9', 'ler0t9o0']
218	['7fociv5v', 'llo64qbp', '5ifrkb75', 'deezca5z', 's1jrb2tn']
219	['4yi9iup2', '7wz030vg', 'pvjoxgn3', 'vegaicq8', 'duqgd4gs']
220	['1xycng32', '8of3u2sc', 'veeavho5', 'fe456in0', 'ir874dkj']
221	['usyduiti', '3otvtwbb', 'g17lp8ch', 'vvmb92wo', 'hl956i02']
222	['agpuilt2', 'toj6eqs2', 'vnta2gic', 'fwbabb3a', 'vrs88dcy']
223	['5a5a8ifz', 'ypls4zau', '9n7bkayx', 'mlo8zypy', 'obhm5mc5']
224	['8anqfkmo', 'l6kcpnbj', 'gxk5t1yp', 'r07mv2ka', 'i5j4nmjz']
225	['wdfzrzkt', 'foy3dsq4', '3urmf3ie', 'r1tl2hrk', 'sfm82h0g']
226	['qlwergum', '3mfwweyr', 'uto9q6s2', '8aosx41e', '7fua7kgs']
227	['y12veqre', 'otp1atui', '36flecmg', 'pzqmg22v', 'iimx8nt8']
228	['uxz185vr', 'ny7wkswf', 'oz047qmf', 'jrqlhjsm', 'hg3xpej0']
229	['fkbup9qh', 'elviuvfz', '7dk2r22z', '83lgqe5c', '54743usk']
230	['qeqd4soe', 'aakzdkcj', '1l4o9pko', 'lm73oj21', '9wnkmn27']
231	['fj6l76hq', '1aqf98e0', 'ropgq7tr', 'x9sfgtim', 'upiu3e2d']
232	['egn81atf', 's4cfdgbv', 'awfgfmx1', 'fai1kymu', '9wx4ltyd']
233	['vvuaegse', '9wn91fj2', 'deas7kr0', 'xj02160p', '64ugdvfe']
234	['us518bwp', 'sykjpaz2', 'jtaq9p6r', 'dpt7sh4h', 'kojb8efv']
235	['u4doukk7', 'h4kc04w0', '3p8rdaoj', '6t92yhti', 'wu2dyleo']
236	['5i0m18nt', 'ler0t9o0', 'ofw7lnr5', 'kzl1dx8i', '8dbjycgt']
237	['eeev3k9x', 'ku59o299', 'oy46vntr', 's2jop0z4', '2kft1r3l']
238	['8ko7mmu3', '1vcc1khg', '844229sb', 'ropgq7tr', 'x9sfgtim']
239	['lz8b60ew', 'egzlstrz', 'qbbwvyn9', 'tuqp3ngs', 'tx2dwo04']
240	['2xzntu5c', 'ix0xi5jb', 'jgbwd3ib', 'byh09alo', 'xi20pdvy']
241	['6sgeraws', 'wtdzad90', '65fwicjz', '0rsbmh48', 'u6b8iwr0']
242	['2rx84imv', 'mnjy6bq2', 'knbngla3', 'dxrltm25', '2f7wqamp']
243	['zj0yxy2z', '0r12f0h3', 'fc86sjec', '28wn23nl', '3wg6flz0']
244	['xokujzbl', 'mzekhyu0', '93y40vnp', 'wa5rxe76', 't13pehgc']
245	['x9veckdi', 'ssskg86y', 'qfq1nfcn', '0hhdwq68', 'qn18rhcs']
246	['6rpm4phy', 'pj7no3fe', 'h8tv2u77', '222ci300', '72f64kpf']
247	['t0iw2vod', 'f96qs295', '3fiqpart', 'wn98fql3', 'ropgq7tr']
248	['l97yi8l9', 'ivy95jpw', 'rh2jrojk', 'qeqd4soe', 'fub50lvt']
249	['p576v9du', '6ir39t8h', 'o1xsjx2p', 'oi8epg9m', 'lgflny84']
250	['zp3efdn7', '8uomx7hu', 'b52pn8t9', 'p3cxk8gd', 'aaxhrecp']
251	['mxg2q1vd', '8p0xdqba', 'zkhdjct7', 'zsygn29p', 'q23a5txz']
252	['7z7zxcm2', 'kiq6xb6k', 'osct0lj6', 'a66sszp2', 'hhy9g1yf']
253	['9wx4ltyd', 's4cfdgbv', 'zzscey1f', 'hdhpmhaa', 'egn81atf']
254	['7n6pva1l', 'wt471v5k', 'cj7ygzfy', '8ti6r0eh', 'mncip6jj']
255	['wdfzrzkt', 'foy3dsq4', '3urmf3ie', 'r1tl2hrk', 'sfm82h0g']
256	['4iuxm6z2', 'hxpqexi1', 'jhge9qy5', 'c6p7hgh4', 'lq1qndxg']
257	['3jgm3uhs', 'tk7eturq', 'w1azm2mc', '4hmecfi0', 'rvygtpvb']
258	['ai60maqz', 'fxvro3wl', '95e1kuux', 'l2i3aa3k', '5c8im9ci']
259	['n1q1wr9s', '3lfmmfp2', 'nbdk83ok', '69wuny3p', '9ei6ubx6']
260	['v1ei9im8', '88ivkkaw', 'glpca9u0', 'f0kcf2y0', 'zk831ou3']
261	['2kt35rqn', 'frx9hfxg', 'eu1dgkw2', 'wl2iuup5', 'jfpa3rih']
262	['7aaiyppx', 'mup5hr7e', '4img2we6', 'u07jsjmf', '43ocdbp5']
263	['ximw03ej', 'j46bet38', '1n2r829p', '3nxmw97e', 'xtnyad3j']
264	['me08w1ir', 'td8uwcas', 'oi8epg9m', 'glpca9u0', 'lbkjxws4']
265	['bf42staf', '105ezycx', '0rrhiw9m', 'qh7biax3', 'kd7s0mqd']
266	['vm1o1cel', 'an8957d8', 'cb3u1s7s', 'bnzb1yon', 'dogie34u']
267	['xeb14weg', 'cjfn4dna', 'f2ypnls4', 'lnls2mhg', '4socpj73']
268	['lm73oj21', 'vrjibtfi', 'l97yi8l9', 'ivy95jpw', 'rp9opdmd']
269	['6uli512b', 'isniqv6b', 'fsid4a39', '010vptx3', '0ctlde8w']
270	['mo23hpe1', 'nz976qc6', '2l883zhe', 'iu5ndsxn', 'belhjr5e']
271	['7zngkwoh', 'ropgq7tr', 'x9sfgtim', 'w3ls1d7w', '1vcc1khg']
272	['5tdmh0ac', '2aoyzj2b', '2a12nsnl', 'leqluxpl', 'whj9jwwf']
273	['rc5d6wi3', 'p9fhtjen', 'z4s7u17l', 'lpqdnuil', 'apfimvix']
274	['30pl5tx3', 'qi1henyy', '0imnd2q5', 'dt2pew66', 'l4y7v729']
275	['grccu4kh', 'm4vu77v6', 'zdxg7bnc', 'kjr6dcqv', 'ew4lx6kc']
276	['nxu1xoax', 'aakzdkcj', '1l4o9pko', '14alhxc3', 'lm73oj21']
277	['o1xkgkn1', '3m9yonqe', '1ov3eydq', 'dqhdws5k', 'sygm6irl']
278	['u0jddsup', 'bzeqs5oh', 'mjb3ip7a', 'uohbxoeb', 'hn6clwoj']
279	['qeqd4soe', '9wnkmn27', 'lm73oj21', 'jiunpwz9', 'roe6g61u']
280	['lfo6otkc', 'dfl69g4f', 'tl16qf33', 'gruir7aw', 'nro623aa']
281	['dljqpvyk', 'aekhd3tb', 'ogchq8gz', 'g4i4hkhz', 'tw7jsibe']
282	['tlr243il', 'geo7ac5i', 'roi3lta6', '58r5wcwd', '89ic6lmt']
283	['ozbmgd70', '7ddw02f7', '3wo90f5u', 'm7q1roay', 'acyexmyq']
284	['u2kjft6q', 'ko42qlzr', 'd1p8zo23', '6l3coibe', 'msovjuk4']
285	['c00jgkpg', 'qa6za0yf', 'hp4hmooy', 'y88khz62', '3p3qqrtw']
286	['6274gicp', '6ajmuuld', '7iuls8x1', 'hapw6lv9', '1hlqov6m']
287	['na3c21pf', 'wzp7hpgc', 'o7qytdl5', 'dx53hxej', 'gap91mwc']
288	['mkgszhkk', '0clp6zt6', '8hchfgx6', 'ygvg9jfe', 'cg6v3yma']
289	['lty6oq3d', '5aev7ltr', 'bv7hvc1e', 'pxo11hwp', 'qgwu9fsk']
290	['t1vom8f3', 'p0jht22m', '3jnhboif', 'kjf63oug', 'hvp47bm2']
291	['nj1p4ehx', 'yr6z0eki', '0zun27k4', '164yx77a', 'kxdfnykd']
292	['pw51kd1r', 'y2ezdqhr', '8d6vcqr3', 'rcbr4rvt', 'uckqx5c6']
293	['f3mvdpq1', 'sgo76prc', 'e8az2cw3', 'ga1fks7l', '7pqy0ejn']
294	['vo6jdb65', 'qalficgu', 'wz6446aw', 'toy8i1lm', 'mg9kypvn']
295	['zbi0llig', 'mjb3ip7a', 'oyr4klqk', 'hn6clwoj', '675v58x8']
296	['n8j1iq8p', 'ci0hmkjk', 'qibt88f7', 'l5ogbl5p', '16lhzusy']
297	['yfoqy2id', '55vu6b3u', 'v13kzr5y', 'dll2zv8s', 'fw211spn']
298	['hn6clwoj', 'zbi0llig', 'uohbxoeb', 'bzeqs5oh', '675v58x8']
299	['cymppa7g', 'po32j519', 'lvvw1npq', 'bk3ss63e', '0cazn46i']
300	['mnjy6bq2', '2rx84imv', 'knbngla3', '2f7wqamp', 'w2c01295']
301	['y43prnko', 'w3ls1d7w', '7zngkwoh', 'gin90aef', '1vcc1khg']
302	['jisznsr3', '2hbcbvt6', '0ojzssli', 'ii3di3dz', '8gl323hs']
303	['eflwztji', 'svgguadm', 'kkbed30m', 'txnegebz', 'yztfkwkc']
304	['xegy9krj', '7t7ho26v', 'stn5gl2b', 'wgfdd3lm', '5zhjn3u2']
305	['ijoyk390', 'i3jsvtwp', 'y89e2dju', 'jveh2w09', '3vrg7zyc']
306	['qpzg8lam', 'm1d8znrs', 'x9zg7ulr', 'hi4a02kw', 'cn3d6j6z']
307	['te5qq8nd', 'jk5tczo0', 'iu2frsec', 'jn1w8h2p', 'msut5gyc']
308	['hbyxy4ln', 'cpfnva0v', 'zjpxfd7c', 'wbso4fci', 'pj7no3fe']
309	['zoipx650', 'jisznsr3', '2u5zxc2i', 'ii3di3dz', 'pzqmg22v']
310	['spfc0fc0', 'jtgpzrf9', '31idktk7', 'mjb3ip7a', 'a7eabvvo']
311	['7xnh53x0', 'onjgfr4j', 'bjycvoxw', 'ayxtpwfg', 'b5yrfllu']
312	['8hkxbxz9', 'bu59aji5', 'bqdvx458', 'lmzkseiz', 'rjjc30lc']
313	['sgo76prc', 'f3mvdpq1', '3w5ouagx', 'e8az2cw3', 'ga1fks7l']
314	['si5mxgrk', 'b8c309hj', 'ez1l3m4o', 'v4ubd1l6', 'w25jpub7']
315	['t4y1ylb3', '7wu8bfo4', 'tn8houmc', '7a543f7v', 'ruewzstg']
316	['8mxj44n3', 's9lkvzpo', '0rlotyz3', 'hcfoj5l1', 'pta8enbu']
317	['eztw9tx6', '29ph2eai', 'kkzahuz9', 'rlpzejjt', 'lme6vcqs']
318	['sgo76prc', '9qo95a1c', '7xb7hj9u', 'f3mvdpq1', '52jtd51o']
319	['vzdu9jwn', '3km6yfr6', '0999t5x0', 'cvouxqxy', 'idhbd102']
320	['pmd78j61', 'tf5a48i2', 'mqzus147', 'spohl5ey', 'ddwrvlc9']
321	['bdb9g77g', 'faue5ywu', 'apfimvix', 'yaedocvp', '5ojyly05']
322	['pbhvq1nh', 'fqk8rmiy', '7s79900j', 'olhgu24h', 'svi7syld']
323	['4vkkaqhz', '20xgqvxc', 'apfimvix', '5nr3j1ew', '5iudn4kq']
324	['5kz2s7ag', '5zerlx1r', 'whh34bjb', 'eomtjrgc', 'e56ivoz7']
325	['0y2kq6zg', 'umttnp1g', '0nhgxoim', '6yinwbfh', 'di7hfghi']
326	['dsfbmhbj', '2my9o9fy', 'spiud6ok', 'pi77smba', 'q9bwvh0t']
327	['hgcsfxwo', 'yt2fp8zl', 'd9b814yp', 'gjsrfmj4', 'in69fhw9']
328	['ylqpkosd', '6gcahsgs', 'nsflghc5', 'vgmzb03s', 'r4dgrxel']
329	['9mvk86q6', 'x14iywtr', '3fagnql8', 'q44yuued', 'i6o608fm']
330	['3iz0ozpx', 'zhg1hvsq', 'l1rnnebt', 's9b631ee', 'o0yvgmgh']
331	['3xvphg52', '10dkpj5h', 'gkf3wez8', '5sfojk7y', 'hfbi7sk5']
332	['bzeqs5oh', 'mjb3ip7a', 'hn6clwoj', 'uohbxoeb', 'te0v91nr']
333	['hqod7v2l', 'y98m15aq', 'atksh1pr', '5u7py7ca', 'ciwozpc0']
334	['sgo76prc', 'f3mvdpq1', 'e4xw6gyp', 'ot1uz6vc', '0i12e4tn']
335	['iuy5a0bk', 'fz8ohqcb', 'ant6397h', '2ddaulby', 'u5iqcw74']
336	['dczcruim', 'unl3n0tn', 'ra2njvcz', 'gb1sk22m', 'gtwg0m54']
337	['ax3e82js', '1l4o9pko', 'aakzdkcj', 'qeqd4soe', '9wnkmn27']
338	['u1s6ciy4', 'ocguwlam', '9n7a9g78', 'e2rtzymt', 'jeyo5qs9']
339	['w0ebmg16', 'hqapg5ow', 'wn98fql3', 'f96qs295', 't0iw2vod']
340	['doi8buyw', 't019zx7q', 'q04yqjfe', '73i7h1wi', 'xh723tgl']
341	['m26sn2qg', '9169o29b', 'jgq968f6', 'y7s6qt6j', '4p6fcy8f']
342	['djev6er7', 'awfgfmx1', 'g2wpw330', 'ksf2tpdw', 'f6i46t3h']
343	['1uabldiq', 'h4sbz3md', 'dxym95pe', 'fq1am5na', '1pemhh4n']
344	['w3jyovd2', 'd60chk12', 'kajker7i', 'vkbsxz7r', 'lpqdnuil']
345	['c3a85ld0', 'xokujzbl', 'uaccs7k9', 'rm6av6sj', 'vpoqfm7d']
346	['gy0kfhy6', 's2j4qf0j', 're8fstqw', '6sgeraws', '8gl323hs']
347	['8ljnxihr', 'wwjeu8ie', 'rhgl6vss', 'gh6bizzh', 'h8h8xkfx']
348	['0iqdqcp6', '164yx77a', 'znswomwk', 'ngywgodg', 'wxor6kg3']
349	['edz3up3a', 'znswomwk', 'nj1p4ehx', 'z3msyl45', '41uuzzpg']
350	['mkgszhkk', 'e1mnj7bf', '1aqf98e0', '9pb2eqoa', 'gtwg0m54']
351	['h1mo3bs8', 'j0sr3ifq', 'boew323c', 'btao9cun', 'yfbg2n2u']
352	['qeqd4soe', 'ivxvry3u', '9wnkmn27', '1l4o9pko', 'aakzdkcj']
353	['sm0112e3', 'u31ixcwa', 'fcjpfx3v', '2qwk2z22', '0oxo2awm']
354	['ximw03ej', '1vcc1khg', 'f96qs295', 'ropgq7tr', 'x9sfgtim']
355	['uzc6r1jr', 'ijsn8d7b', 'lnnsxwk2', 'tl16qf33', 'zdlbsuys']
356	['u20e82de', 'eipscagh', '1l10diya', 'v72mveyu', '3sqy16rs']
357	['rjjc30lc', '8anqfkmo', '8m59whf9', 'r07mv2ka', '65fwicjz']
358	['dljqpvyk', '8pemlz7a', 'mrc41hu0', 'ogchq8gz', 'nbqne4wp']
359	['cfbj6ize', 'xj1nw76b', '5c1e0770', 'z218oii3', 'mumbnmgz']
360	['lq1qndxg', 'y04dub8o', 'b5eve7re', 'kutc6ts0', '35nshnn2']
361	['bk3ss63e', 'cymppa7g', 'gi3vfi68', 'rlr17nah', '1k0xqhda']
362	['pq6c0zia', 'y3c478hf', 'qxy2p79x', 'hcuxj2k7', 'nhy1ofwa']
363	['g0cgjlok', 'dti9o5x3', 'urj0nssb', 'uliopaz0', '1nqbqmum']
364	['jisznsr3', 'ii3di3dz', 'zoipx650', 'jpenhh92', '0oxo2awm']
365	['ck338ifc', 'rnfh9v1h', 'b5eve7re', 'td8uwcas', 'y04dub8o']
366	['mkgszhkk', 'nom4z0tv', '1zuhilmu', 'hl956i02', 't0iw2vod']
367	['iy8pp5ey', 'wuojo19n', '6ejzpqq4', 'byrpj1g2', 'k18k0kuk']
368	['x44oc1k6', 'geo7ac5i', 'ag6lu4em', 'w49i0xkz', 'qxqo23i9']
369	['uohbxoeb', 'zdfx3zo3', 'cq5z8lqu', 'pa000mr8', '6a1fl65b']
370	['tyrgtwo7', '77bq8tdy', 'br0hhzmn', 'twlupt3x', 'hvy73er8']
371	['tl16qf33', 'lnnsxwk2', 'o47v5vgw', 'o877uul1', '3r8jbhhq']
372	['vk6rms29', 'awzozt7u', 'vmmwtdia', 'vgffg4c1', 'xolflz8g']
373	['dq3qunwe', '2bupc5jh', 't0iw2vod', 'vvmb92wo', 'gu4mz2vp']
374	['hb2lieh3', 'sykjpaz2', 'umrk96gz', 'gdcqu3nb', 'wigakw9h']
375	['8rgpr2lo', 'zjyszmfh', '0qh8u82c', 'ohkweon9', '8rqrhzrg']
376	['76aij6sx', '7wz030vg', 'pj7no3fe', '1mx3jrup', 'h8tv2u77']
377	['v10454ns', 'td3drkgw', 'zbkx78mm', 'ipsjsf0y', 'ce9jq0hq']
378	['a3efmczu', 'gttuxtw6', 'k8vjv3zy', 'pvshw2pn', 'm41w2007']
379	['73b58lcm', 'h13p6ogs', '6ys3uogb', 's6kdchlo', 'hbyxy4ln']
380	['kupt3km8', 'gdyntyxk', 'dh3zqjbz', 'cvxni7cd', 'o4vvlmr4']
381	['s6sp3rme', 'r5fdn7uz', 'xvqemhnq', 'xcsl2evz', '1ufwrgc8']
382	['0ml57rhr', '10l6kx3e', '71x3b75z', '3i82sxk8', '4oxbczqe']
383	['b31ctbat', 'ne816kr4', 'h6xa91pu', 'hcooar1n', 's7sq53zy']
384	['atwx0a2s', 'db8fl9d2', 'wzqdo1st', '3ttyxjgi', '2tre0wat']
385	['06fhiu9q', 'ldqy66uh', '8d0p6qpc', 'slzh6uay', 'c2pxokv4']
386	['vw8a1994', 'kxx3szjq', 'zouscolw', 'ag6lu4em', 'glyoiu93']
387	['q41elfwt', 'w5rk8luy', 'c65kvmic', '1tamgmzm', 't5p6z0wv']
388	['3jn7tdaj', '1m1hi735', 'v8m7cszi', '9f5szh9i', 'd2s3170w']
389	['53t1mhnb', 'nt1e70dv', '5jlohhmv', 't3dzso36', 'ljlsvc9h']
390	['pn516wom', 'n4kke717', 'wjktna81', 'fynl88p5', '9kk8pevp']
391	['l72grjbg', '4iuxm6z2', 'q77tr31d', 'q473xazz', 'rwk954dx']
392	['35meen0h', '93b2ivio', 'nqahx56j', 'o29hjkca', 'reigmh19']
393	['ql9cfh1j', 'cn0hqvsz', 'g2bt258c', '9e9fyarm', '265cgz94']
394	['9iz8papc', '82y56t7d', 'n1ht2eb1', 'ktv6fk7q', 'ynaxwnlp']
395	['q92unteg', '5xki1ulf', 'o877uul1', '78qyuk5x', 'o47v5vgw']
396	['sts48u9i', 'bikc25se', 'qkg8fwbp', 'u5nxm9tu', 'rytzyf1j']
397	['xtmn1n0r', 'ropgq7tr', 'x9sfgtim', '844229sb', 'fj6l76hq']
398	['hpbcwiwf', 't3vuwghp', 'vx1hjh26', 'ss7tac1i', 'eohd0jjy']
399	['uexahhdr', 'w9zyshzb', 'kgmugkmw', '3s3tzfnn', 'nkzweuft']
400	['bccrvapy', '7objlrqa', 'iab4qya4', 'a40yhtqk', 'tl1o1wr9']
401	['qeqd4soe', 'roe6g61u', 'q7pieq3w', '80xhhcpm', '2v6zigt8']
402	['a3fvifax', 'tv014ubp', 'c4m63cr3', '6bwd99d9', 'ee8bzn2l']
403	['hsimf7wt', 'vccct6hq', 'sz072p5o', 'szekvw7e', 'vjvyjblu']
404	['jyxrk9bz', 'bgsbbszf', 'l9lj98b1', 't7bonus8', '93y40vnp']
405	['vqswp96l', 'prn7t499', '0nw9oots', 'nz42wegs', 'whj9jwwf']
406	['mkgszhkk', '0cnjtxyq', 'w1bx4a7v', '0clp6zt6', 'gtwg0m54']
407	['mkgszhkk', '0clp6zt6', 'itxde5mw', 'a0q61mpi', '0cnjtxyq']
408	['9anlwi27', 'lzsbte0j', 'b870ftnq', 'e49rdu76', 'f5p37j7g']
409	['uxz185vr', 'ny7wkswf', 'oz047qmf', '82y56t7d', 'jrqlhjsm']
410	['wgfdd3lm', '9k4pwc2h', '6c47sm6i', 'vp78d808', 'iez1j9jn']
411	['5t4twnpm', 'iff8cuum', '6hl6rtsh', 'yn2aylru', 'li8kvzdh']
412	['1w3x0g42', '7mcfehzc', 'kfsuiz5t', 'ip9geldg', 'mrsya6wz']
413	['mkgszhkk', 'vvmb92wo', 'nom4z0tv', '1zuhilmu', 'ropgq7tr']
414	['tij7lakb', '8p0xdqba', 's7z1l3a9', 'bsq640o8', 'uliopaz0']
415	['1ujphwmi', 'uef0bbh7', 'koybwabx', 'sb5ce0g3', 'xvqemhnq']
416	['f96qs295', 'opjfy3xr', 'wq92nfnd', '0emibwp3', 't0iw2vod']
417	['tvzn0112', 'e85xdrcw', 'uk67ac2r', 'jtwb17u8', 'iobpcfs5']
418	['828eqxla', '32ua8wb6', 'mamtxi9v', 'wbsl6n67', 'vdfnrh9k']
419	['tlr243il', 'geo7ac5i', 'roi3lta6', '58r5wcwd', 'oeudi6lr']
420	['rybjc58j', 'cp6xu2ox', 'ukqhpm5w', 'srfypn7j', 'jzosdlu7']
421	['vszrekp9', 'cr2cute3', '6bgquqa1', '1jcvi6sp', '1syeo6ff']
422	['ximw03ej', 'x9sfgtim', 'w3ls1d7w', 'f96qs295', 'ropgq7tr']
423	['lfk6e8hy', 'xi90m4jk', '4et61my3', '11xjl53c', 'xui25c83']
424	['nhkd88yv', 'gof2of9o', 'y2739974', '1vyfy7i0', '721ofhsv']
425	['myqli11j', '3e2soc6w', 'mt8h4rk5', '2m6ks6nd', 'zz4cczuj']
426	['oeudi6lr', '9a27s0zn', 'baodjrw2', 'ay69e8ad', 'sf073cmj']
427	['kp4j9snc', 'hltkddac', '2mtuw7gb', 'qjfe2t9v', 'lcqxrcji']
428	['tstx42h7', 'gfi4flm8', 'mmr04tsm', 'o3cr0xvm', 'jhge9qy5']
429	['9phgag8q', 'azhnpsyu', 'adusu6pm', 'jblmnx8j', '0vy5yifk']
430	['1gv3t5t0', 'd9egxof5', 'ciwozpc0', 'dng3ef3x', 'wt6azxc1']
431	['iu5ndsxn', 'zqzs6vtf', 'tq2vdo88', '1l4o9pko', '9wnkmn27']
432	['2dvljm27', '7vadpp3d', 'gr14udp8', 'bgn6zrer', 'nbn44sxq']
433	['c59vfq1o', 'rjelshrp', 'ln6t374j', 'lpqdnuil', 's1kxxx1v']
434	['1daa6fte', 'l07q84ni', 'g6i3x433', 'ofw7lnr5', '68d30i8k']
435	['9qklnvyl', 'fd4aag2t', 'ekej22k3', 'xiaj8ofb', 'gxvaric3']
436	['f96qs295', 't0iw2vod', 'qi1henyy', '30pl5tx3', 'w0ebmg16']
437	['ximw03ej', '844229sb', '4eak8e8l', 'iu1d9i57', '1vcc1khg']
438	['g5sw7t8x', 'efxn3pr6', '3et2u6sq', 'wqqt6jvk', '52lf5gzr']
439	['fk16k9ts', 'xkmy79p9', 'w62rqn2p', '7krl4xlg', 'a3lk2q02']
440	['6oicmeam', 'pa000mr8', 'hfk8nikl', 'dcli6uaq', 'a40yhtqk']
441	['nk8m2dxt', '3ul4yoec', 'ssdqobqb', 'vxf2jexb', 'to9ixrwr']
442	['4p6fcy8f', '5yscqct1', '9169o29b', 'llcit7x2', '56rn6d6o']
443	['apfimvix', 'qgzc1moh', 'ftq6ed38', '4vkkaqhz', '74femexh']
444	['65efipbi', 'ftxgcgkb', 'dccymlie', 'lpbb4rga', '121p2shq']
445	['mom4y7cl', 'zf8qg1q3', 'z5rwznmv', 'gv7mej7b', 'r66vfirw']
446	['35nshnn2', '5zaw2iot', '5g02ykhi', 'lq1qndxg', 'jlnt1pdd']
447	['wehqqbjx', 'urv9o2f1', 'wijqiktk', 'y1nrc138', 'hzn3qus3']
448	['ilnudz0g', '6a728le9', 'qbj8n8h6', 'ge8o93rh', '6j45mmjh']
449	['jisznsr3', '0oxo2awm', 'dij3wy6q', '0ojzssli', 'isxasd9b']
450	['amw2c96l', 'p6k449j5', 'ikymdtcg', '6ajmuuld', 'rcb943w2']
451	['c9o7kbv5', 'rr0v0ju1', 'hkk23tqt', '8flh54lv', 'y3jx6fvj']
452	['lkb09vs8', 'mkgszhkk', 'ftq6ed38', 'icejfmzr', 'a0q61mpi']
453	['121p2shq', 'c5be70t6', '6hl6rtsh', 'li8kvzdh', 'pjh2lr22']
454	['2qcuygax', 'hnx43l5c', 'daj5g788', '0aik5i71', '9sh9mk6p']
455	['5i0m18nt', 'w3zic0on', '6hl55c60', 'xf7k56sp', 'ler0t9o0']
456	['stn5gl2b', 'hxpqexi1', 'c6p7hgh4', 'uoa7ug6f', '9kq9o5wp']
457	['qgwu9fsk', 'bv7hvc1e', '5gshj480', 'uc316ncl', '5aev7ltr']
458	['8s9l69gb', '1tz7y2sh', 'gckr8h1m', 'mgwx0u6x', '3qgwoblb']
459	['d4upbc3v', 'ckorpogz', 'zcvumy78', 'tyqeguyf', 'fhxgzm2i']
460	['b80todl7', '4evznllv', 'jhsqrto0', 'pzbs8e1h', 'gme1zk3n']
461	['apfimvix', 'lg6qorv0', 'ftq6ed38', '3jn7tdaj', 'z807g8i5']
462	['9rczqcaz', 't3b2adct', 'lg6qorv0', '38paoyuc', '5bk0w0sa']
463	['wn98fql3', 'hl956i02', 'svi7syld', 'sxi0tpsf', '8je46886']
464	['e1macqqm', '9oui0l6v', 'ml27mexb', 'g4i4hkhz', 'j9xlhtko']
465	['tij7lakb', '23n5r8qj', '8p0xdqba', 'zsygn29p', 'urj0nssb']
466	['ivy95jpw', 'roe6g61u', '14alhxc3', 'l97yi8l9', 'qeqd4soe']
467	['me08w1ir', 'td8uwcas', 'oi8epg9m', '6zjzy0ft', 'fa05sovj']
468	['ledopkwj', 'l346qqwp', 'me08w1ir', '8tqm4k6k', 'ewf1z1ee']
469	['s1qnjgev', 'j4hnitqx', '3bbiyucq', 'cpuyh6q8', 'ln6t374j']
470	['qeqd4soe', '14alhxc3', '9wnkmn27', 'ivy95jpw', 'rh2jrojk']
471	['od5nnxvg', '5zn5mgi9', 'fxvro3wl', 'ue58uvot', '95e1kuux']
472	['7s79900j', 'c59vfq1o', 'hl956i02', '8acldtv2', '9169o29b']
473	['07a30kd9', '8brfph9v', 'vbayngh0', 'wbk363w1', 'uu883ofc']
474	['sts48u9i', '1hfvmyfs', 's9lkvzpo', '01q4pu9k', '9x1d1kp1']
475	['hh7lccet', 'qyj6y9jc', 'xuqkhpn7', '5xzn2myj', '17km3arw']
476	['57z0g4mq', '2t1zzigc', '94lc85q5', 'del20ax2', 'wbso4fci']
477	['8pemlz7a', 'rr0v0ju1', 'evf9nz05', 'hh17xv2g', 'whnyjf5d']
478	['b8c309hj', 'si5mxgrk', 'v4ubd1l6', 'ez1l3m4o', 'w25jpub7']
479	['ajlpb9li', '3wg6flz0', 'xld7ztx5', 'p7cbnrji', 'nli8ccyv']
480	['8cvjsisw', 'dyxfsojh', 'f2zgrgva', 'h4cu63cm', '31idktk7']
481	['n3yuvf8v', '9bhi3rqu', '7fua7kgs', 'wslsqytj', 'v8ujnrbi']
482	['y6ufb4l6', 'k4ubol2x', 'vllhupzp', 'tffpan0f', '9y9lkt4x']
483	['lgflny84', 'ijoyk390', 'wjktna81', '6ir39t8h', 'hb3wcm04']
484	['ga5z3via', '11xjl53c', '7a7oi5dt', 'mldwnz43', 'lfk6e8hy']
485	['zvmwubuk', 'gg5c8v7d', 'lgtpeqhw', 'rwh56zhg', '4kgnx00l']
486	['ewf1z1ee', 'ledopkwj', 'f9vxfk68', 'tsv0rcr3', 'hapu56t4']
487	['4a7fzrxg', 'd0tg9i90', '606oxq14', 'cpeizrdb', 'hdhpmhaa']
488	['bw6a5gmy', '05djnz4p', 'wh9vvgv2', 'ngywgodg', '1hfvmyfs']
489	['mo23hpe1', 'nz976qc6', '186wyg7t', '2l883zhe', 'belhjr5e']
490	['ihler8r0', 'leg5ntvu', 'ko42qlzr', '0n07fow0', 'ah8mzt1g']
491	['9195zweg', 'nbdk83ok', '1peg3502', '7g7sgabs', 'fpexa30s']
492	['je585xia', 'be4afbyo', 'dgng39yd', 'khymg0zr', 'jk37ej4c']
493	['yu2qzp18', '4haf8aaw', 'bzn7wd36', '4vq9ljlg', 'uazqkay9']
494	['f8yphpxl', 'tz0pgml3', 'isk5cu0k', 'nzy970he', 'hxbi0ofg']
495	['wubcq0xx', 'ypmeh8y3', 'dljqpvyk', 'ogchq8gz', 'in69fhw9']
496	['2tax8ajw', 'kt47i60w', 'nyvmlxqf', '6xxm7hcs', 'yhk50383']
497	['vxavox24', 'j23pvlj9', 'tc1exm56', '6sgeraws', '65fwicjz']
498	['yaedocvp', 'faue5ywu', 'fh0zym9r', 'b9vm3x3w', '9ok153yl']
499	['x88qugn9', 'm4hwwhux', 'ow1n47ui', '7gqkyq1j', 'opda8pjy']
500	['8psro2z0', 'uef0bbh7', 'pp373xuc', 'lyhdeks1', 'thko9six']
501	['4gr6i8rf', 'm8xfza1d', 'aky3bja0', 'pqnpa448', 'ej9qbrt8']
502	['7wz030vg', 'v4y49n7i', 'pj7no3fe', '76aij6sx', '0ho4f5wg']
503	['ii3di3dz', 'zoipx650', 'jpenhh92', '95zrth5d', '2u5zxc2i']
504	['d4eae8g3', 'cwdtyr1v', 'pquv37jl', 'ogrlupbx', 'jw713e2n']
505	['0gier0lu', '6e0yre69', '70m9l3y0', 'qbhw96wv', 'qp3cjql9']
506	['ximw03ej', 'u8mu4yga', 'w1bx4a7v', '1s8jzzwg', 'f96qs295']
507	['7g7sgabs', '3a5965df', 'o78vcy90', 'sfm82h0g', 'ngywgodg']
508	['gw9hkw00', 'nt1e70dv', '3o91v72a', 'ypmeh8y3', 'x73moqog']
509	['jfpa3rih', 't4y1ylb3', 'dljqpvyk', '7a543f7v', 'su028g3j']
510	['265cgz94', 'ngb7pbyl', 'bns5eb1t', '8dbjycgt', 'ny7wkswf']
511	['bh8zshy9', 'c9fg1ni6', 'y349r3r6', '02p4et0u', 'ypt4kt78']
512	['uohbxoeb', 'oyr4klqk', 'bzeqs5oh', 'mjb3ip7a', 'sniabjhu']
513	['mzekhyu0', '97msfh4l', 't13pehgc', 'jtb71lfd', 'lwpvyy49']
514	['so6irh9b', 'tp7wthiv', 'lclxe7i9', 'y40s45iv', '8drlvdkp']
515	['vuxxerob', '5azti19e', '7vdd5f4t', 'q6j7vy8u', '6vqf2n5j']
516	['isk5cu0k', 'nzy970he', 'ko8lyoob', 'ds7qon66', 'bhleyzhc']
517	['1w3x0g42', 'eu2vjpw9', 'e3dh0huv', '3e2soc6w', 'hnx213kp']
518	['1l4o9pko', 'aakzdkcj', 'fien6nra', 'jiunpwz9', 'zqzs6vtf']
519	['gha1wg4w', 'v4pkwd44', 'v5eth1m3', 'tk0iwpnb', 's10kzuf1']
520	['nz976qc6', 's0ca1r5s', 'iu5ndsxn', 'belhjr5e', 'ivy95jpw']
521	['y5b7g8v3', 'ifgz75ch', '0si51n85', 'aifv23fw', 'q7pieq3w']
522	['apfimvix', 'r5iu5nr1', 'vryngrq8', 'wbix36hf', '1yrhikew']
523	['toy8i1lm', 'qalficgu', '3z9ubx09', 'ngbnnpni', 'vo6jdb65']
524	['y8i60bm3', 'g6kag5ij', 'cbp4o6ou', 'dql5n9k7', 'xk2inqjm']
525	['ifovibzi', 'hpj8gb4o', 'zv351n3d', 'etokw9j7', 'g15tvzn4']
526	['t4y1ylb3', '8l5i1z27', 'cj3cpn5j', 'ruewzstg', '7a543f7v']
527	['8je46886', '9pb2eqoa', 'xtraspw2', 'mkgszhkk', 'ktjhr028']
528	['9mact9br', 'hnx213kp', 'i9jrobdb', 'jjgfgqwg', 'sonxopa0']
529	['9169o29b', 'jgq968f6', 'e0pbs354', 'm26sn2qg', '1y1ik2u9']
530	['j67qgjbj', 'b9evh1l2', '8r8586br', '7momt81r', '2vs7geu6']
531	['z86g8dzs', '1s8jzzwg', 'xtmn1n0r', '30pl5tx3', '9mn6trtn']
532	['aefzogn3', 'pq571myy', '5g02ykhi', 'jvgq2p61', 'pfvf8ujb']
533	['4wbkis5w', 'ocguwlam', 'u1s6ciy4', 'plwoof39', 'and9sood']
534	['lpoxaetv', 'opckeugf', 'wuazkwsi', '8acldtv2', 'pscw933i']
535	['zjur5j95', 'j2oo4hoo', 'uqmblefe', '0x3uihto', 'brt4zrhe']
536	['6hl6rtsh', 'yn2aylru', 'lpbb4rga', 'li8kvzdh', '65efipbi']
537	['xchvlphf', '7tp8z7n8', 'x14iywtr', 'q1mq5f2t', 'pvshw2pn']
538	['ueb7mjnv', 'zueghgx5', '77m4rhrz', 'bwmpamea', '45r6aieu']
539	['gorp9n1g', '70m9l3y0', 'kc6dls2z', 'ozj6zju8', '6e0yre69']
540	['5dbuxvc4', 'car394ou', 'q4m2uj6r', 'kmwfce00', 'z8ajje2l']
541	['taz8f384', 'nosh8awp', 'hws1e4tv', 'rckwiqgb', 'cabmmgg6']
542	['3u3i5myh', '70s04wty', 'rc5d6wi3', '929rrh59', 'z6cdyy0w']
543	['0aqww7cz', 'pdd5wepz', 'gvtp8s8b', 'lby3xhmp', 'ywi0a8s1']
544	['1y79i676', 'qe8mxow7', '10l6kx3e', 'xld7ztx5', 'u22z526l']
545	['49jkx2hc', '1gbq9j88', 'ox60yrvu', 'p97kgjmp', '2h3fqcs0']
546	['v7szuzfa', 'kdxoyvsv', '1tmqe3xf', 'akbq0ogs', 'vxf2jexb']
547	['n7oankiq', 'hsm75cww', '2kd89h12', 'um4v5qr3', 'e5y8pp5b']
548	['gcsew8u3', '4pfzwcjt', '3724854p', 'amtk0s0v', 'pvjoxgn3']
549	['zu5mg2im', '95zrth5d', 'ii3di3dz', 'jpenhh92', 'ucysxk5c']
550	['hapu56t4', 'z79x349o', 'hhen3xjx', 'az9zt5xx', 'v3n2r4ia']
551	['um4v5qr3', 'n7oankiq', 'edr7hrhp', '2kd89h12', 'est5jx7g']
552	['5d7erbr4', 'rzahax88', 'q4q06pzc', '4vtad2ve', '6a6tyvtz']
553	['vs730te0', 'deezca5z', '5ifrkb75', '1z1tces3', '56uzzrh8']
554	['h5xvrtfy', 'r7bmtloy', '657acgl4', 'y42gcbj0', 'nctlqbtf']
555	['vvx3zukm', '265cgz94', '8dbjycgt', 'bns5eb1t', 'g2bt258c']
556	['uto9q6s2', '3mfwweyr', 'qlwergum', '1qwq3jme', 'tz2d3lff']
557	['iz74o9de', 'hnj1jqr1', '195h4ofw', 'p7foay4k', 'n5ogyxz7']
558	['8f83k2ce', 't1vom8f3', 'a7eabvvo', 'h13dq0x4', 'q8l3ra55']
559	['c3a85ld0', 'vpoqfm7d', 'ebgu29uh', 'hp62t734', 'uaccs7k9']
560	['k8wb51i7', '0yysikc1', '33wqmdnk', '2bpyvgv7', '9b6cepf4']
561	['ywi0a8s1', 'xi17qo6z', 'jo724gaw', 'gdbr8zwr', 'cpqeo65g']
562	['abmrgpbm', 'x4mgnhbg', 'y1uk8yfa', 'lrgmyfjs', 'flqdf8vd']
563	['14alhxc3', 'ivy95jpw', 'cntmsia6', 'jz6o9gnb', '0qy6hcgp']
564	['9eu792zu', 'e8fhlo37', 'dohy9i21', '213bme3q', '1iclw0nt']
565	['ny7wkswf', 'uxz185vr', 'ih81b6l3', '77t3216a', 'oz047qmf']
566	['ptnpgh3j', 'x4ix852w', 'xco6yr7o', '02t7jcbt', 'vrzl7h45']
567	['li5cw8xx', 'ruewzstg', 'v5eth1m3', 't4y1ylb3', 'tn8houmc']
568	['1nk1t5qs', 'o8aosx2q', '2yka2luy', 'iwdklgyp', 'pz3e9y4i']
569	['5lzixulv', 's4xintwp', '0bh8i14e', 'rtwr4a1w', 'zql4zhyk']
570	['em2uatlm', 'wr4r7jd8', 'pc2cnhjd', '8ko7mmu3', 'iu4p5k0w']
571	['ufzjvdho', 'jo489zm2', '05djnz4p', '164yx77a', 'ngywgodg']
572	['ach2lhhe', '95e1kuux', 'gu4mz2vp', '1r9975o8', '52x62y5l']
573	['3p31ei4k', 'pa1dt9zt', 'raz9veem', 'p4hz992o', 'h97977u4']
574	['ftxgcgkb', '65efipbi', 'vnijpl9l', '0gjzpef1', '121p2shq']
575	['be4afbyo', 's19w1p2i', 'dgng39yd', 'je585xia', 'khymg0zr']
576	['yaedocvp', '5ojyly05', 'z1y1zgo8', 'f6li7qil', 'nuu9l5kx']
577	['lzgwxshi', 'iff8cuum', '10v7kfcd', 'pjh2lr22', 'zbzrxuoh']
578	['yqx0xqz9', '7e0x1525', '6d3qvtne', '518rjfnc', 'qj1v04cf']
579	['dqhdws5k', 'sygm6irl', 'trmwm9qq', '9aw78s63', '3m9yonqe']
580	['tzp03hmr', '4gr6i8rf', 's6b2zp99', 'eg5snpzs', '73oe5as9']
581	['q1yn89cq', '7fapl71l', '6xs4y2uw', 'bhjwd01o', '1dipq6r5']
582	['s0374olh', 'cbhlzemx', '43om0nji', 'v29jmh6s', '94w1sbsb']
583	['k3vs6vhz', 'jlrzu0wl', '6wsa54w2', 'uqpxs7et', 's2811lpo']
584	['dlwwcryb', 'h73m17lw', 'e9ba18fn', 'pvrp8u8n', 'y6zisciu']
585	['3u3i5myh', '8qdcls1k', 'pqnpa448', 'ijzoa0yn', '5vx2ylui']
586	['qub1i1bl', 'xzy98hm3', 'uaccs7k9', 'hp62t734', 'ebgu29uh']
587	['zvmwubuk', 'k30wvnx8', 'lgtpeqhw', 'gg5c8v7d', 'cj267zcl']
588	['9l3x3owc', '8a8eheip', 'ir20eiqr', 'vuzbni5m', 'jqueo6zg']
589	['0qy6hcgp', 'hcw0cisk', '14alhxc3', 'cntmsia6', 'qeqd4soe']
590	['mkgszhkk', 'f96qs295', 'ximw03ej', 'w1bx4a7v', 'u8mu4yga']
591	['l4zku2e9', 'kgt61kcu', 'n5qfwl57', '8hvve871', 'lgtpeqhw']
592	['4ylmj9ub', 'mw0wb8a8', 'xcsl2evz', 'tl16qf33', 's6sp3rme']
593	['t006jnl5', '9qklnvyl', 'xiaj8ofb', '4ehxnzc7', '0ljild6h']
594	['49ejyfie', '1adt71pk', 'dikrttn6', 't5p6z0wv', 'vmmwtdia']
595	['jfvq2gfx', '6zjzy0ft', 'fa05sovj', '5nr3j1ew', 'apfimvix']
596	['4et61my3', 'orddpgl3', 'z6cdyy0w', 'xi90m4jk', 't4y1ylb3']
597	['vvmb92wo', 't0iw2vod', 'f96qs295', '2tre0wat', 'mkgszhkk']
598	['klh90lvp', 'uxz185vr', 'efbj3uur', 'llo64qbp', '2h53dfg2']
599	['vwh0roww', 'j3b964oz', 'fyyibj9j', 'w7o2r4g1', 'tpovr13h']
600	['11xjl53c', 'k0v1axmd', 'yy77zuu4', 'kr4sr1ae', 'q7vv128t']
601	['vf1vku8s', 'jrgeasqy', '5zn5mgi9', 'ykxr9q1j', '0g4xxy3j']
602	['918wd3ez', 'e3e48idb', 'ywvk6gu6', 'k1adcls8', 'ipon95io']
603	['z77wg8j9', 'z94skip6', 'x73moqog', 'xee6npr3', 'q54el8tf']
604	['y7lrp0gc', 'fasjkg7r', '8gl323hs', 'lgnhlxgd', 'kjf63oug']
605	['mzon01fd', 'ifxm3j4y', 'dgnddq80', 'oynbwas9', 'u31ixcwa']
606	['3fiqpart', '3h80bn0k', 'w0ebmg16', 'f80cfjrn', 't0iw2vod']
607	['w0ebmg16', '8iqs6jko', '1s8jzzwg', 'w1bx4a7v', 'mkgszhkk']
608	['di4p48ax', '1peg3502', 'fpexa30s', 'dudc5eh8', 'irhizn0b']
609	['hitaptnp', 'rhgl6vss', '3r418rss', 'cqv2cv9r', 'xh723tgl']
610	['kkbed30m', '53zopedx', 'sxq2063i', 'i5j4nmjz', 'peiqusin']
611	['f6vau5s6', 'x84su3ki', 'x3z7utn4', 'thvhvf4t', 'k18k0kuk']
612	['2ierk83o', 'w7o2r4g1', '4j8efxsw', '66mhasjt', 'm7q1roay']
613	['ftjrg3dk', 'ylojjfri', 'wcmxmahq', '0vy5yifk', 'wd7drbky']
614	['mdsjbfmx', 'tnejo5wc', '8rv94jeu', 'fiiyythk', 'yx3j6373']
615	['hg3xpej0', 'jrqlhjsm', 'styavbvi', '8t2tic9n', 'nksd3wuw']
616	['i6o608fm', 'q44yuued', 'kkbed30m', '53zopedx', '9mvk86q6']
617	['pg50i2ql', 'pdiyqdb3', '8acldtv2', 'yvbmbnjw', 'oywhabcd']
618	['hcuxj2k7', '3ls0po4k', 'lm73oj21', 'y420tku1', 'qci7khki']
619	['ximw03ej', 'tra5ewc5', 'f96qs295', 'u8mu4yga', '2tre0wat']
620	['lt7qsxxh', 'h1sura49', '9avmlz30', 'du8wmh6n', 'a242g5kg']
621	['7mcfehzc', 'mrsya6wz', '1w3x0g42', 'ip9geldg', '2146o727']
622	['gg2swy7i', 'inmof3qg', '9oui0l6v', 'ppe8br4z', 'e1macqqm']
623	['37hn7u3f', 'x9rv72dl', '4budtw8s', 'uw0rrel5', '8xpenaxt']
624	['4vtad2ve', 'u89jd28e', '6a6tyvtz', 'h8ej5w6j', '5d7erbr4']
625	['vu8ao4pt', '6r1hy34r', 'bawgldfi', 'q8dl0gcc', '3r8jbhhq']
626	['gdcqu3nb', 'zkxrjk3p', '3qtxnbb2', 'umrk96gz', 'gc9eg5j3']
627	['17km3arw', 'xmjj1s5s', 'nbqne4wp', 'uhtwkkk3', '8dbjycgt']
628	['cfhu5246', 'm39qdgey', 'gihjcu73', 'z79gel8h', 'lg6qorv0']
629	['kzl1dx8i', '7o7v0ewg', 'vvx3zukm', '265cgz94', 'ofw7lnr5']
630	['0clp6zt6', 'gtwg0m54', 'dczcruim', 'mkgszhkk', '43alju3x']
631	['yj3yisum', 'iff8cuum', '7xb7hj9u', 'a242g5kg', '8uxntauq']
632	['otp1atui', 'jisznsr3', 'ii3di3dz', 'e0pz0z4j', 'jpenhh92']
633	['o6i5ca7h', 'gfb11r1i', 'r9qtzdvk', 'f5bs391p', 'htn03ms0']
634	['s3o9v1fl', 'tr2139vg', 'i9nchww2', 'whkfvd7l', 'n39y3kq2']
635	['t0iw2vod', '0emibwp3', 'hqapg5ow', '0mwz8kwo', 'hl956i02']
636	['55lbj72e', 'jfjxujwj', 'd9rd5392', 'cxqzo58q', 'bjjfxfei']
637	['y12veqre', 'n5ogyxz7', '8zm7n7j9', 'pzqmg22v', 'lrgmyfjs']
638	['lnls2mhg', 'xuug2eyn', 'nbqne4wp', 'cjfn4dna', 'xeb14weg']
639	['9pb2eqoa', 'zl4ixyg1', 'mnjy6bq2', 'f96qs295', '1aqf98e0']
640	['ezrarusj', 'n9nu5n44', '2q6qmex3', 'k4lqkqnx', '3kk1l0ag']
641	['zueghgx5', '77m4rhrz', 'q8aee7g0', 'lgnaas6s', '9jqafpkp']
642	['9oejm9sc', 'octtj2vf', 'wcq3qqt4', '80yu5aiv', 'f4jx3b2q']
643	['eflyypev', 'nlsv8bin', 'ldmjcf2n', '69o6g1oe', 'g7n7jh5y']
644	['nwb7qf9l', 'jjiiutd5', 'lvw0cnwj', 'dgng39yd', 'jk37ej4c']
645	['b3ui95vx', 'wrsk5vh9', 'yk2th44f', '059oj76m', 't8jlihgm']
646	['1992wisb', 'o3cr0xvm', '5g02ykhi', '3z9ubx09', '8xgp6nhy']
647	['pvrp8u8n', '7kxi7px1', '7xb7hj9u', '16lhzusy', '7y6ok9a2']
648	['0h2x79ye', 'noale9n1', '1o5y5zma', '5m23wtpi', '39mfts0g']
649	['2sp8nm0i', '81pr5etw', 'jw42gokv', 'k1n00gir', 'hib9l7yz']
650	['s0ca1r5s', 'roe6g61u', '14alhxc3', '2v6zigt8', 'ivy95jpw']
651	['0rsbmh48', '6msw06fb', '5oy0q6ca', 't6vojtu8', '32v44sw9']
652	['sgo76prc', 'f3mvdpq1', 'la2wvnb0', 'np1y2fkt', '05vmhjjp']
653	['5bk0w0sa', 'ljpeq5aw', 'uyzalds2', 'e7uvbra5', 'y04dub8o']
654	['roe6g61u', 'qeqd4soe', 'ivy95jpw', '2v6zigt8', 'cntmsia6']
655	['egzlstrz', 'tuqp3ngs', 'lz8b60ew', 'jc5ik84m', 'qbbwvyn9']
656	['en0obmna', '8ubugbn3', 'nuzt4jcf', 'knlc3bxh', 'rw3l8nk8']
657	['pdiyqdb3', 'fo9uq389', 'ewf1z1ee', 'pg50i2ql', 'oywhabcd']
658	['ml27mexb', 'mo23hpe1', 'tq2vdo88', 'zqzs6vtf', 'iu5ndsxn']
659	['3nf5bxv3', 't2riiouk', 'ccjzc1x0', '2b2evno8', '8d0zb0lw']
660	['x5m6u9pg', 'hkh1crxr', 'xmjj1s5s', 'xz7yzr2f', '7o7v0ewg']
661	['nbqne4wp', 'xeb14weg', 'f2ypnls4', 'lnls2mhg', '29tcwijl']
662	['nvbt5gxl', 'spfc0fc0', 'jtgpzrf9', 'd21lvneh', 'belhjr5e']
663	['20xgqvxc', '5iudn4kq', '4vkkaqhz', '5nr3j1ew', 'apfimvix']
664	['f97doeoj', 'v056i6g7', 'am2rrgrb', 'o99l5oh1', 'w19729nl']
665	['gln6e0t4', '33g2xvvr', '2cq5vpyd', 'nbghk20z', '4yi9iup2']
666	['ntra3jhs', 'u79trvqf', 'yyfsnthj', '8u5tw2q5', '0jl6qu0i']
667	['j4p46aiv', 'vszlmtf4', 'tn8houmc', 'hpj8gb4o', 'lby3xhmp']
668	['in69fhw9', 'gjsrfmj4', '5ojyly05', '7d6snq1v', 'oi8epg9m']
669	['r76tqrwz', '0r580il2', 'ax3e82js', 'jiunpwz9', 'd21lvneh']
670	['bfm45zas', 'lbrpbhpg', 'u6rt6zd4', 'n4kke717', 'ilnudz0g']
671	['f96qs295', 'wn98fql3', '1s8jzzwg', 't0iw2vod', 'ropgq7tr']
672	['f6li7qil', 'apfimvix', '5q6cnfse', '2rcngljf', '2qwv6wzq']
673	['sywxrxmf', 'oqhmvpjm', '9briyvuq', 'roe6g61u', 'qeqd4soe']
674	['8ko7mmu3', '1vcc1khg', 'mja2qlpk', 'x9sfgtim', 'ropgq7tr']
675	['k5jkntul', 'bre2ijbb', 'ktm0akxd', 'q93luiw2', 'dblqryhy']
676	['lfo6otkc', 'nro623aa', 'o47v5vgw', '0retx7ty', 'o877uul1']
677	['lbkjxws4', '0aik5i71', 'atwx0a2s', 'auvehdq5', 'wpuf4ofo']
678	['wiei5dpt', 't0iw2vod', 'usyduiti', 'g17lp8ch', '43alju3x']
679	['52jtd51o', 'f3mvdpq1', 'sgo76prc', '05vmhjjp', '7pqy0ejn']
680	['16qdfits', 'okabnt0t', 'i57f9ayv', 'm0zvo2tq', '0c03fjk5']
681	['veeavho5', 'ra3clbbr', 'v4xszcfb', 'rjjc30lc', 'samf1kwn']
682	['1gbq9j88', '49jkx2hc', 'p4hz992o', 'm8yyntls', 'qt5qv3zx']
683	['wjktna81', '9kk8pevp', 'qbj8n8h6', 'ilnudz0g', 'u6rt6zd4']
684	['v4y49n7i', 'hbyxy4ln', 'cpfnva0v', 'zjpxfd7c', 'fmwb9abq']
685	['8k2v0u19', 'v8m7cszi', 'b9nqcbf7', 'oe4bzale', 'e9xx6mhg']
686	['td8uwcas', 'sjsaw6yv', 'b5eve7re', '3w5ouagx', 'jbvsmuea']
687	['p6k449j5', 'q5f98qzk', 'jfpa3rih', 'z4cq9klm', 'f4hj35dr']
688	['5azti19e', 'lg6qorv0', 'e9xx6mhg', 'kayh0v56', 'z2z0hu49']
689	['eo89w6qp', 'ppuki7qn', '7fua7kgs', '9bhi3rqu', 'c9cenvt4']
690	['j7vm8h9t', 'x996e0cn', '5g8u35f8', '0iqdqcp6', '3a5965df']
691	['zecuhkcd', 'yi2m5ukw', 'ucmzbezx', 'iwc72ymq', '9txgtl28']
692	['r7kvv48s', '0iqdqcp6', '164yx77a', 'wdfzrzkt', 'foy3dsq4']
693	['pcekcvwr', 'o0m20894', 'tloczjn5', 'cwqsbwaj', '66m524kj']
694	['k7smwz6w', '06fwhyac', 'vq9m9m94', 'ohyvuybc', 'xn2zi1uq']
695	['isxasd9b', '2hbcbvt6', 'p7foay4k', 'zoipx650', 'a7eabvvo']
696	['zecuhkcd', 'yi2m5ukw', 'ucmzbezx', '9ljou3ag', 'wtenvb27']
697	['h1ncnt2c', '8wqii0nd', '8vk15klh', '7aaiyppx', '8nx0ie5k']
698	['wt6azxc1', 'qu7ddcw9', 'u4ntxo0y', 'v9366atg', 'xee6npr3']
699	['q9bwvh0t', '9kfs73sr', 'ckswlo9o', 'apfimvix', 'z4s7u17l']
700	['rr0v0ju1', 'nt1e70dv', '8pemlz7a', 'evf9nz05', 'maqo773b']
701	['vrhrc7v6', 'd0s3vl2w', 'juofmvz2', 'rwgqkow3', 'qv1xfrg6']
702	['y12veqre', 'otp1atui', 'pzqmg22v', '36flecmg', 'zoipx650']
703	['iobpcfs5', 'jtwb17u8', '944pn0k9', '9vej295g', '6wb18u6w']
704	['4unn3fmu', 'xk6rp4e7', 'iu6epm2i', '1xvj7xq7', 'z9csj1bh']
705	['f3j0g82b', 'dica9bqx', 'sb3y2w6c', 'lsiy3quw', 'wzz5ioek']
706	['9bhi3rqu', '7fua7kgs', 'v8ujnrbi', '3tfof5nd', 'n3yuvf8v']
707	['wq4jsc4x', 'llcit7x2', '56rn6d6o', 'gqwwfpch', 'xurnbrod']
708	['ftxgcgkb', '7xb7hj9u', 'dccymlie', '65efipbi', 'iff8cuum']
709	['ivy95jpw', 'qeqd4soe', 'l97yi8l9', 'roe6g61u', 'xnrb0byz']
710	['tra5ewc5', 'atwx0a2s', '2tre0wat', 'jjh1z5c6', 'vndj6f7w']
711	['n6lwnct5', 'r7bmtloy', 'h5xvrtfy', '657acgl4', 'yrdzg7wz']
712	['208w0eyz', 'p703e396', 'nuzt4jcf', 'en0obmna', 's2811lpo']
713	['nln6pl3h', 'u30uz8sk', 'tz0pgml3', 'ouno4jpl', '6e444g2z']
714	['4gr6i8rf', '2tax8ajw', 'ej9qbrt8', '4hog76lx', 'tzp03hmr']
715	['n3swuykg', '5rsxnrdr', 'getnq0ek', 'gvn2v6rt', '3v240tcz']
716	['hia647nr', 'fq9wx29o', 'v8m7cszi', '0n51j2jo', 'vrs88dcy']
717	['f6i46t3h', 'c9cenvt4', 'ksf2tpdw', 'edz3up3a', 'avmfz0z7']
718	['35xqlryc', '38paoyuc', '9rczqcaz', 'lg6qorv0', 'qjin5w03']
719	['eyhgtpe0', '5hxsagx6', 'wfa5fb3r', 'styavbvi', 'hg3xpej0']
720	['dx53hxej', 'na3c21pf', 'zpxnr9s9', 'gap91mwc', 'wzp7hpgc']
721	['93b2ivio', '35meen0h', 'o29hjkca', 'vjpf1fk6', '3xup6glg']
722	['8s7zy55f', '70bz9l9p', 'tpmb397f', '4kfbs7j4', 'rwh56zhg']
723	['ow39tpxn', 'i4op2jkl', 'piev4id4', '8vnsrvws', '47d0wl98']
724	['pscw933i', 'jvog9dpj', '7fe2vdm7', 'v91sfqt6', 'ncau27zc']
725	['irhizn0b', '9p2pzsx0', 'fdkt6moe', 'bw6a5gmy', 't4y1ylb3']
726	['y14lw5b2', '8bjfoa9g', 'sijfzd2o', 'unl3n0tn', 'ev5az984']
727	['kgt61kcu', 'l4zku2e9', '8hvve871', 'lgtpeqhw', '723l0buc']
728	['lkb09vs8', 'apfimvix', '20xgqvxc', 'kt47i60w', '5iudn4kq']
729	['8xf8u6bg', '9enbrd6h', 'qv1xdqau', 'n2wqalcu', 'u01dvu35']
730	['1l4o9pko', 'aakzdkcj', '9wnkmn27', 'jiunpwz9', 'd21lvneh']
731	['4vkgn3yt', '0mwz8kwo', 'x51jorbm', '9ds4ot1q', 'xpwv8xlv']
732	['4socpj73', 'xeb14weg', '79xw1nof', 'qexarxjl', 'fety7g0q']
733	['pb25lrnw', 'r7aqsyfl', 'ypmeh8y3', '3ncm8iwb', '1fdnbq1f']
734	['fjzhe9tp', 'sv48gjkk', '1rxw5xro', 'nok0yfzv', 'fx2ikn2t']
735	['35nshnn2', '5zaw2iot', '5g02ykhi', 'sjsaw6yv', '3z9ubx09']
736	['so6irh9b', 'tk0iwpnb', 'tp7wthiv', 'nrhk8ctf', 'n4hw9cvo']
737	['egn81atf', 'awfgfmx1', 'edsrpgjo', 'djev6er7', 'g2wpw330']
738	['ashxoaav', 's10kzuf1', 'vu8hfm1g', 'wijqiktk', 'cdsj5ba9']
739	['iid4bnvw', 'mdy40mhu', 'ee8bzn2l', 'a3fvifax', '6bwd99d9']
740	['drto66xt', 'vq9m9m94', 'x64zft78', 'kshzsz6n', '7fyhx6c2']
741	['ucmzbezx', '855atuue', 'xee6npr3', 'x73moqog', 'vk6rms29']
742	['52jtd51o', 'sgo76prc', 'b5eve7re', '05vmhjjp', '3w5ouagx']
743	['9oxajwkk', '4cy3er3y', 'io8mozoe', '5eo7wfle', 'rjelshrp']
744	['tfpa12kr', 'zmkvs7e7', 'k4lqkqnx', 's82tyeis', 'z1gnvb6i']
745	['14alhxc3', 'ivy95jpw', 'cntmsia6', 'roe6g61u', '0qy6hcgp']
746	['du7ba2ky', 'tcaglk0u', 'xiaj8ofb', 'cy0wy98u', '3xzgv370']
747	['q7pieq3w', '5nue46dm', 'ftq6ed38', 'qeqd4soe', 'vuzbni5m']
748	['l2i3aa3k', '95e1kuux', 'fxvro3wl', '92ljfia5', 'ai60maqz']
749	['ec3pmvih', 'vqswp96l', '5nv3ec5l', 'hhswage4', 'v2ljgvnh']
750	['52lf5gzr', '6rpm4phy', 'ueh60bz2', 'gcsew8u3', 'jpby8m6r']
751	['oaq5a5i3', 'eewr8ynb', 'w3u3vmd6', '29z4q4fs', 'whkfvd7l']
752	['t4y1ylb3', '7a543f7v', 'cj3cpn5j', 'ruewzstg', '8l5i1z27']
753	['r7aqsyfl', 'amw2c96l', 'r1tp27z8', 'ecro0w9n', 'qa1tbu6t']
754	['ngbnnpni', 'sjsaw6yv', 'wh3k3u28', 'toy8i1lm', 'nvphu1fm']
755	['ny7wkswf', 'uxz185vr', 'hg3xpej0', 'oz047qmf', 'jrqlhjsm']
756	['t0iw2vod', 'f96qs295', 'g17lp8ch', 'umvrwgaw', 'wn98fql3']
757	['ka2kyqmk', 'spohl5ey', 'mqzus147', '5nyc1cn5', 'j4pgpxoe']
758	['li8kvzdh', '121p2shq', 'pjh2lr22', '6hl6rtsh', 'c5be70t6']
759	['8s7zy55f', 'nnkul2r2', 'c25womxb', 'g0za5fqi', 'rwovxw7a']
760	['onjgfr4j', 'mdmfsclg', 't019zx7q', 'dwcu6vyp', 'wkwqlnz2']
761	['2kd89h12', 'est5jx7g', 'n7oankiq', '8nil3u2k', 'zp3efdn7']
762	['msovjuk4', 'gha1wg4w', 'u2kjft6q', '6l3coibe', 'd1p8zo23']
763	['fnok2eoj', '2uidarm3', '6273ddzc', 'uukdrm6y', 'mjm2kap6']
764	['e0pz0z4j', 'ii3di3dz', 'jpenhh92', 'otp1atui', '95zrth5d']
765	['6sy80720', 'dikrttn6', 'gtp5daep', 'lcqxnrge', '00ugdhvf']
766	['ohfi48d6', 'o7ww2prj', 'ewb09f5h', 'ec6ov0jw', 'hcfoj5l1']
767	['ximw03ej', 'f96qs295', 'tra5ewc5', 'jjh1z5c6', '844229sb']
768	['gc9eg5j3', 'dksw5yzp', 'uliopaz0', 'pfbgojxr', 'urj0nssb']
769	['jo489zm2', 'ufzjvdho', '05djnz4p', '6e444g2z', 'ouno4jpl']
770	['164yx77a', 'd0lulco7', '0tn06al2', 'u30uz8sk', 'ngywgodg']
771	['5nue46dm', 'ip9geldg', 'mfpgbqc8', '1nk1t5qs', 'wtqwghon']
772	['g3hujz5o', 'duwr9b5b', 'lvbutmio', 'qowp861l', 'jekx1czw']
773	['l5nncxqo', 'v7ckvxjp', 'f3v1xezr', '0jm3j3vc', 'e7ntocgf']
774	['sgo76prc', 'e8az2cw3', 'f3mvdpq1', 'ga1fks7l', '7pqy0ejn']
775	['8gl323hs', 'vj6sw2ne', 'hfk8nikl', 'dcli6uaq', 'ovel2jln']
776	['f96qs295', 'pu12u627', 'wzqdo1st', 'qi1henyy', 't0iw2vod']
777	['89n52jny', 'n5bqf6rj', '1y1ik2u9', '8acldtv2', 'jgq968f6']
778	['95e1kuux', '52x62y5l', 'dztaijzu', 'dq3qunwe', 'ue58uvot']
779	['ze4bvjkt', 'rbgoabfk', 'llow5xll', 'j0bu0upi', 'xy4m6x8d']
780	['ttpbs13r', 'q77tr31d', 'n5c0hcwn', '11xjl53c', 'qgxo9cr7']
781	['ny7wkswf', 'oz047qmf', '6mfd3n4s', 'rtus1qyw', 'uxz185vr']
782	['6ukt0gbn', '6msw06fb', 'solieify', 'q48rqmw5', '18f7x2ci']
783	['orddpgl3', 'm2id6kxw', '73oe5as9', 'p6k449j5', 'aky3bja0']
784	['mkgszhkk', 'gtwg0m54', 'vvmb92wo', '1zuhilmu', '844229sb']
785	['r4dgrxel', 'n4kke717', 'zu07vbc4', '5053t5ki', '2yka2luy']
786	['jxsldz4o', '8xvqq5eh', 'ajqbljai', 'bmrxgkz7', 'evuixig8']
787	['s0w95qdn', 'iobpcfs5', 'tvzn0112', 'jtwb17u8', 'e85xdrcw']
788	['lrqt2gcw', '755ym7vl', '73b58lcm', 'q54el8tf', 'wh3k3u28']
789	['4cqf9v2v', 'xochpgld', 'tlr243il', 'i3iy8ax9', '8jxacsfr']
790	['9svrz0vj', '5053t5ki', '46swnjb4', 'bzn7wd36', 'nuzt4jcf']
791	['6j9x3pn5', '6pruwy09', 'c90vgc47', '04qjro8w', 'mup5hr7e']
792	['3otvtwbb', 'lpoxaetv', 'opckeugf', 'h2h4bnd5', '8acldtv2']
793	['fw211spn', 'nles7ymd', 'u95kg3m0', '55vu6b3u', 'yfoxndf3']
794	['43ocdbp5', 'ccljxw2s', 'leokcqqy', '1b5hb0g9', '8p0j9nvq']
795	['dsfbmhbj', 'gw9hkw00', '7n4t8i2n', 'q9bwvh0t', 'ju87prqm']
796	['ximw03ej', '9pb2eqoa', '4eak8e8l', 'f96qs295', 'iu1d9i57']
797	['1gv3t5t0', 'd9egxof5', 'am11yqbf', 'ypmeh8y3', 'y4m987yn']
798	['8je46886', '1s8jzzwg', 'mkgszhkk', '1zuhilmu', 'z86g8dzs']
799	['hb3wcm04', 'd3530i86', 'm45teajz', 'wjktna81', '0eftiyuw']
800	['otp1atui', 'ii3di3dz', 'jpenhh92', 'e0pz0z4j', 'iimx8nt8']
801	['wnm89gfo', 't90pvtad', '8x3lqokw', 'pq571myy', '5g02ykhi']
802	['ftq6ed38', 'q48rqmw5', 'solieify', 'sgokzw5i', 'faxm9rhz']
803	['ub3kjqkv', '4mjrpjit', '9mmdtgc2', 'c6p7hgh4', 'msovjuk4']
804	['t0iw2vod', 'vvmb92wo', 'z86g8dzs', 'ropgq7tr', 'xtmn1n0r']
805	['tafg1xoo', '8mmau2lz', 'z0p4f7tq', 'w3gt0w41', 'd0s3vl2w']
806	['2kh4iw8h', '9mdf927z', '83re9176', 'v5vwypya', 'ey34e59f']
807	['5rsxnrdr', 'n3swuykg', 'getnq0ek', 'gvn2v6rt', '57w1iir4']
808	['v29jmh6s', 'cbhlzemx', 's0374olh', 'wda18u55', 'h2sryzwn']
809	['j2t0ofgt', '8xf8u6bg', '9enbrd6h', 'kn9lna4m', '2xjv2fb6']
810	['rr0v0ju1', 'evf9nz05', '8pemlz7a', 'gcsew8u3', '04qjro8w']
811	['k9xhphpl', '80dfqjql', '3ss714ha', 'tjplc5j6', 'jh3yfq4c']
812	['eyxag4xd', 'ra2njvcz', 'mnjy6bq2', 'h7ftu3ax', 'xtmn1n0r']
813	['195h4ofw', 'iz74o9de', 'ucysxk5c', '2qwk2z22', '8zm7n7j9']
814	['n040i865', '06fhiu9q', '5gorynd2', 'w3zbf5k4', '1nk1t5qs']
815	['ngbnnpni', 'sjsaw6yv', 'toy8i1lm', 'wb601nx8', 'rytw6rfd']
816	['ybpev0vi', '43fwrlk5', 'jcp3u4mf', 'c80hle1p', '1tqwmy8m']
817	['q4m2uj6r', '5dbuxvc4', 'car394ou', 'g1o4t8ps', '414dyokn']
818	['lfo6otkc', '4ylmj9ub', 'gruir7aw', 'nro623aa', 'dfl69g4f']
819	['rbgoabfk', 'llow5xll', 'b5yrfllu', '5aev7ltr', 'j0bu0upi']
820	['dij3wy6q', 'y7lrp0gc', 's2j4qf0j', 'hqkrer9m', 'ajmelb8a']
821	['e1macqqm', '9oui0l6v', 'yidait6a', 'vadaxbsr', 'gg2swy7i']
822	['12th7nja', '8jejswuk', 'eje3i558', 'ygn9oiir', 'dgnddq80']
823	['eef8mem7', 'sdtr6yla', '0qyhjutm', 'f8ah4lzx', 'k0eheo71']
824	['fpexa30s', '1peg3502', '9ex61dl5', 'vge26qe9', 'wxor6kg3']
825	['s23d5pns', 'mt61b7o7', 'd7tk12u2', 'tmdsyzyt', 's599iazh']
826	['yn7e3do9', '6a728le9', 'xq525smx', '6j45mmjh', 'ilnudz0g']
827	['65efipbi', '3kng7qea', 'ftxgcgkb', '121p2shq', 'li8kvzdh']
828	['zoipx650', 'oynbwas9', '195h4ofw', '7lx4w75b', 'ifxm3j4y']
829	['dgnddq80', 'lgnhlxgd', 'su41e4vo', 'ajmelb8a', 'y7lrp0gc']
830	['6a728le9', 'qbj8n8h6', 'gtp01rna', '6j45mmjh', 'wtqwghon']
831	['855atuue', 'ypmeh8y3', 'xee6npr3', 'wubcq0xx', 'jfpa3rih']
832	['v06kyana', 'cnir3fx1', 'iu2frsec', 'kugpzkyx', '97vw83zu']
833	['8e9f9ssj', 'fmgj3noh', 'pxx5yyc5', 'texmsvyt', '5s1uj2qi']
834	['so6irh9b', 'tp7wthiv', '2dixw8up', 'jazfyjwl', '3ncm8iwb']
835	['1ad18z11', 'z3o3ib2f', 'j2t0ofgt', '2xjv2fb6', 'vuzbni5m']
836	['k1uvqaaa', 'la2wvnb0', '05vmhjjp', 'np1y2fkt', '3mvia5c8']
837	['cwekmw1a', 'pb25lrnw', 'q9bwvh0t', 'ofw7lnr5', 'd9b814yp']
838	['qeqd4soe', '80xhhcpm', '7th3d6wk', 'jiunpwz9', 'ax3e82js']
839	['wubcq0xx', 'kt47i60w', '855atuue', 'hunepli1', 'xokujzbl']
840	['hxbi0ofg', 'whnyjf5d', '7oipjzq1', '122yi9np', 'hh17xv2g']
841	['29z4q4fs', 'h98tts7e', 'qgzc1moh', 'p576v9du', 'oi8epg9m']
842	['dh3zqjbz', 'kupt3km8', 'xi20pdvy', 'ip9geldg', 'c2mpraux']
843	['sywxrxmf', 'oqhmvpjm', '9briyvuq', 'nxu1xoax', '14alhxc3']
844	['k2jzadwq', '2rqouaol', 'ztxfa5b8', 'v7szuzfa', '18swtk61']
845	['1fx7x8af', '0phcscz8', 'yb6lmv1a', 'fhypca85', '5al7jmeb']
846	['04vbjlab', 'a4kjk836', 'ywusapij', 'vwmjf326', '1hlndwzk']
847	['ivy95jpw', '5vvyd0wx', 'tded20ih', 'tpihyxve', '14alhxc3']
848	['vbx8khih', 'b8ipstv2', 'vgmzb03s', 'r4dgrxel', 'zu07vbc4']
849	['y12veqre', 'jisznsr3', 'zoipx650', '36flecmg', 'pzqmg22v']
850	['dgnddq80', 'lgnhlxgd', 'r0osk17r', '8jejswuk', 'j6vs6izt']
851	['r58aohnu', '763v4duh', '9b6cepf4', 'f96qs295', 'yrowv62k']
852	['so6irh9b', 'tp7wthiv', 'n4hw9cvo', '8lqb9le5', 'nrhk8ctf']
853	['m2id6kxw', 'cr2cute3', 'ydcu8f2k', '6wpyxcuy', '9pn62o4p']
854	['lclxe7i9', 'ssdqobqb', 'so6irh9b', 'tp7wthiv', 'vxf2jexb']
855	['wgpty5w3', '387spphe', 'qv89gci7', 'ja6ydoed', 'yv16olzl']
856	['1l4o9pko', 'aakzdkcj', 'jiunpwz9', 'd21lvneh', 'zqzs6vtf']
857	['pm3ck1gk', 'jincu9xx', 'svi7syld', 's19w1p2i', 'wr4r7jd8']
858	['idtt3frp', 'h2h4bnd5', '8acldtv2', 'lpoxaetv', 'jgs4jszx']
859	['ok9o9tta', '10l6kx3e', '0ml57rhr', 'x7qlnugx', '82y56t7d']
860	['wt6azxc1', 'so6irh9b', 'n4hw9cvo', 'y40s45iv', '8lqb9le5']
861	['dxrltm25', '8iqs6jko', 'bmmdygbs', 'w0ebmg16', 'mnjy6bq2']
862	['sdtr6yla', '0qyhjutm', 'k0eheo71', 'yc7cvbii', '4fgeb27a']
863	['9h74xlvv', 'vabb2f26', '3l6ipiwk', 'vn3g9qww', 'ouvq2wpq']
864	['konern28', '8g70j0qw', 's82tyeis', '3zdv9zim', 'fe14iohb']
865	['zuc538yd', 'gw1pr7fw', 's7sq53zy', 'h85c49cv', 'z0ni4cyl']
866	['js91utss', 'nqcorcud', 'r5552ql7', 'erygg5u2', 'vuxxerob']
867	['1iqfm496', '855atuue', '20xgqvxc', 'e4xw6gyp', '5nr3j1ew']
868	['wk61uyrt', 'flqdf8vd', 'lrgmyfjs', 'dt7hip0z', 'raw2mt47']
869	['dij3wy6q', '8gl323hs', 'pzqmg22v', 'x4mgnhbg', 'isxasd9b']
870	['qyj6y9jc', 'xuqkhpn7', '9ljou3ag', '17km3arw', 'hh7lccet']
871	['vge26qe9', 'wdfzrzkt', 'znswomwk', 'fpexa30s', 'foy3dsq4']
872	['r58aohnu', 'dgng39yd', 'n5bqf6rj', 'pc2cnhjd', 'hqapg5ow']
873	['dt2pew66', 'qi1henyy', 'opjfy3xr', 'wq92nfnd', '30pl5tx3']
874	['1vj9p7vm', '7lx4w75b', 'h13dq0x4', 'p0jht22m', 't1vom8f3']
875	['yr27lnq8', 'j0uojajt', 'm847xdzk', 'fcdwitxy', '2u5zxc2i']
876	['mkgszhkk', 'w3ls1d7w', 'iu1d9i57', '0cnjtxyq', 'cg6v3yma']
877	['wnm89gfo', 't90pvtad', 'pq571myy', 'pfvf8ujb', 'mmr04tsm']
878	['6a8j7hjt', 'e49rdu76', 'b870ftnq', 'mcw3ir3a', 'lzsbte0j']
879	['b5eve7re', 'awh8y9j8', 'lq1qndxg', '7b570emm', '5g02ykhi']
880	['6mfd3n4s', 'x7qlnugx', 'geo7ac5i', 'tdwkxwod', '0ml57rhr']
881	['f0judfwn', 'zx6m2zgi', 'x7ffgtrd', 'lhbk4902', '2gjo4oqn']
882	['45y7jepy', 'l8k7qsqc', 'm0598zrc', '64l9la82', '9eudsrjr']
883	['dgnddq80', 'lgnhlxgd', 'ajmelb8a', 'r0osk17r', 'su41e4vo']
884	['2tre0wat', 'w3ls1d7w', 't0iw2vod', 'vvmb92wo', '1vcc1khg']
885	['v5vwypya', 'eebsywlz', 's4cfdgbv', '9wx4ltyd', 'ovgk0wsn']
886	['52lf5gzr', '7ddw02f7', 'dljqpvyk', 'umg0ms2i', 'nbqne4wp']
887	['tdlcb9bf', '12th7nja', '5o9bbspc', 'iali360u', '4pcv1i3i']
888	['pb25lrnw', 'edsrpgjo', 'g4hlvnmq', '9uxazk87', 'akbq0ogs']
889	['b5eve7re', 'y04dub8o', 'kutc6ts0', 'sgo76prc', '35nshnn2']
890	['lsojoa7c', '91gytlg2', 'delciztu', 'fmgj3noh', 'jjh1z5c6']
891	['8ufjh70o', 'qvuuhkg6', 'iwc72ymq', 'gi3vfi68', 'ze2rkb9z']
892	['vw3cuiof', 'h8ej5w6j', '3qgwoblb', 'gckr8h1m', '4vtad2ve']
893	['nvphu1fm', 'iez1j9jn', '9k4pwc2h', '6c47sm6i', '9f7k0q1h']
894	['ebgu29uh', 'hp62t734', 'vpoqfm7d', 't13pehgc', '97msfh4l']
895	['j4pgpxoe', 'pmd78j61', 'spohl5ey', 'ddwrvlc9', 'mqzus147']
896	['4vkkaqhz', '20xgqvxc', 'apfimvix', '5nr3j1ew', '5iudn4kq']
897	['bidvx8hy', '8u5tw2q5', 'yyfsnthj', 'vnyly6uy', 'u5rbvc3i']
898	['dfl69g4f', 'tl16qf33', 'o877uul1', 'zdlbsuys', '9rrlfnww']
899	['hjuftxwg', 'm1bvurwi', 'f5s0ntps', 'a451243b', 'q3db7v16']
900	['rhgl6vss', 'hitaptnp', '3r418rss', 'ccy8gf0k', 'z9jqbliw']
901	['81rxs247', '5g02ykhi', '8xgp6nhy', 'wb601nx8', '9y9lkt4x']
902	['1fdnbq1f', 'ocxl6cf4', 'rhnr430g', '8th933g4', 'ecro0w9n']
903	['4vzdk69c', 'zmkvs7e7', '963hkkiy', 'h4kc04w0', 'dqrp18c6']
904	['yr27lnq8', 'jisznsr3', '2qwk2z22', '2hbcbvt6', 'xshqu7qm']
905	['yjsxen4d', 'pibg1iw7', 'i1rzeir6', 'boqygpow', '2cq5vpyd']
906	['yr27lnq8', 'k2f667sc', 'ucysxk5c', 'a7eabvvo', 'ujy4i5uu']
907	['46no7uq8', '6xxm7hcs', 'qcxpmfmq', 't4os33em', '50frs197']
908	['jzosdlu7', 'njgbom98', 'svgguadm', 'srfypn7j', 'rybjc58j']
909	['918wd3ez', 'e3e48idb', 'ipon95io', 's3qkscw7', 'k1adcls8']
910	['nerxtetr', 'qhrwngde', 'hg0lyy93', 'gihjcu73', 'fu61afkg']
911	['a7frertc', 'bikc25se', 'xd292vld', '42t0zriz', 'rytzyf1j']
912	['uohbxoeb', 'bzeqs5oh', 'zbi0llig', 'hn6clwoj', 'mjb3ip7a']
913	['qnuphz59', 'jwei2g97', 'jlnopr1j', '28fu4ptm', 'yrxgaiy7']
914	['ii3di3dz', 'jpenhh92', 'zu5mg2im', 'jisznsr3', '36flecmg']
915	['l5ogbl5p', '91nj68tn', 'gy0kfhy6', 'ueb7mjnv', 's0w95qdn']
916	['4pgish5x', '2un9aggj', '32z7b3fp', 'qowp861l', '0loj2fsm']
917	['cvbxv7h7', 'mviiowbw', 'v4pkwd44', 'v8ujnrbi', 'v5eth1m3']
918	['bu59aji5', 'bqdvx458', 'fmgj3noh', 'j46bet38', 'ex6dyr77']
919	['fnedip6k', 'xrgb9pve', '7f5nywod', 'lf6fprh0', 'mwaegtlx']
920	['9p73l3rw', 'lae18d0l', 'tc1exm56', 't22hwoeb', 'vg96f35h']
921	['ebbaw3td', 'nx9hi7lf', '2qcuygax', 'fz14yjvm', 'fhypca85']
922	['lorpo8uk', 'znpc5jq2', '32z7b3fp', '8gh3q7p3', 'f3dkdm7j']
923	['9n7bkayx', 'mlo8zypy', '4hdj6mtf', 'ypls4zau', 'maxbdi99']
924	['tu1vevx9', 'go0tueah', 'awn23o8y', 'y0wu60n4', 'mo4luyx6']
925	['sgo76prc', 'f3mvdpq1', 'ga1fks7l', '3w5ouagx', 'q1mq5f2t']
926	['h4cu63cm', 'jtgpzrf9', 'spfc0fc0', 'c0i45oix', 'bzeqs5oh']
927	['rcb943w2', 'dkfohub3', 'amw2c96l', 'ssdqobqb', 'rda2kmv1']
928	['0d6sa9pe', '7lhoq10e', 'hakz1lr3', '4c7ug40v', 'd5w0ecuy']
929	['7ddw02f7', 'tkxzhf7c', 'uarsobci', 'dyxfsojh', 'y4m987yn']
930	['kyt14ufu', 'n3yuvf8v', '7fua7kgs', '9bhi3rqu', 'eo89w6qp']
931	['tnejo5wc', '5tpkcd5z', '122yi9np', 'c82i3u0j', 'h82s5xst']
932	['0vhy44iq', 'pbb9nrba', 'kkzahuz9', 'yadb7gwj', 'rv26qfmf']
933	['64qt0w2a', 'wt6azxc1', '4mblzyxk', 'fa05sovj', 'xigbp7vh']
934	['8a8eheip', 'bre2ijbb', 'ktm0akxd', 'dblqryhy', '0z7ey1nm']
935	['94w1sbsb', 'hbyxy4ln', 'fmwb9abq', '8gub6wmy', 'zjpxfd7c']
936	['ekgqdjlk', 'd0nacth6', 'vfcp8h1n', 'rw5bci0y', 'inc5b12i']
937	['z22g03v4', 'sm0112e3', 'e0pz0z4j', '0lk8eujq', 'iuziorsk']
938	['xchvlphf', 'vmmztj0a', '7tp8z7n8', '3kng7qea', 'isk5cu0k']
939	['zqzs6vtf', 'tq2vdo88', 'nz976qc6', 'iu5ndsxn', 'belhjr5e']
940	['gtp01rna', '6a728le9', '6j45mmjh', 'q1nye2ih', '2p3l08n7']
941	['ybaxa1vg', '6oicmeam', 'faj85qxc', 'bcraqemn', 'cwm0bsov']
942	['n5c0hcwn', '3cr97dii', 'vxf2jexb', '1vd4j3qc', 'q77tr31d']
943	['09vzcqyr', 'gywxvzm6', 'ro3o27pv', 'npe81wc8', '611ih9pl']
944	['nxu1xoax', 'aakzdkcj', '14alhxc3', '1l4o9pko', '0qy6hcgp']
945	['0u4nmrq4', '2yrgy2y2', '0n07fow0', '500ypv61', 'jazfyjwl']
946	['xigbp7vh', 'jhge9qy5', 'wt6azxc1', 'p6k449j5', 'ypmeh8y3']
947	['t9e774ed', 'tr2139vg', 'oe4bzale', 'ktymj1no', 'a3efmczu']
948	['7qxs79qy', 'hdhpmhaa', '7f5nywod', 'r69ivrej', 'gjk8kc8g']
949	['65efipbi', 'ftxgcgkb', '5upb25gt', 'soa71kwx', '121p2shq']
950	['g2j4uqem', 'gg5c8v7d', 'vbnke2q5', 'k30wvnx8', 'u42d1p1j']
951	['dnxhtbxn', 'xcsl2evz', 'mw0wb8a8', 'bawgldfi', 'x1uc10m5']
952	['t4y1ylb3', '7wu8bfo4', '7a543f7v', '8l5i1z27', 'cj3cpn5j']
953	['00ia8k0b', '5hxsagx6', 'jrqlhjsm', 'hg3xpej0', 'rthsl7a9']
954	['20xgqvxc', 'apfimvix', 'u4ntxo0y', 'ypmeh8y3', 'xee6npr3']
955	['jnwuu08w', '8je46886', '5vodag6c', 'wzqdo1st', '33wqmdnk']
956	['5aev7ltr', 'lty6oq3d', 'so9uy899', 'rbgoabfk', 'llow5xll']
957	['91nj68tn', '8uxntauq', 'soa71kwx', 'gy0kfhy6', '0xhho1sh']
958	['855atuue', 'cwekmw1a', 'mxg2q1vd', 'ko42qlzr', 'zrnxq5uq']
959	['hn6clwoj', 'zbi0llig', 'u0jddsup', 'bzeqs5oh', '675v58x8']
960	['fu685z9a', '9kfs73sr', 'qh6fqna8', '4pyx0xps', 'lby3xhmp']
961	['vuxxerob', '91gytlg2', 'r5552ql7', '6cx33se3', 'qcxpmfmq']
962	['jbvsmuea', 'xegy9krj', 'wijqiktk', 'qvj36vut', '7gj2cl8r']
963	['lkb09vs8', 'mkgszhkk', 'octtj2vf', '1m1hi735', 'wcq3qqt4']
964	['z7o5vt6p', 'p196javw', 'g63ed05i', 'f8yphpxl', 'go5tk6ni']
965	['nnkul2r2', 'g0za5fqi', '8s7zy55f', '9tvjfgtn', '70bz9l9p']
966	['bpu3hpbn', 'x9veckdi', 'vymre7uv', 'n0uy6hd2', 'n9zqc1gm']
967	['h9i67wbp', 'mncip6jj', 'w74mx03c', '39zvwm0s', '0zphhxxh']
968	['xavegbty', '7b7on38r', '9miesbf1', 'k5t5rjhe', 'w7wdq05u']
969	['lehzj4d8', 'h85c49cv', 'hitaptnp', 'rhgl6vss', '73i7h1wi']
970	['aky3bja0', 'ej9qbrt8', '4gr6i8rf', '73oe5as9', '4hog76lx']
971	['08u566ia', 'psk1lnff', 'ihgxtu8g', 'agvrw27o', 'pxx5yyc5']
972	['8m59whf9', 'gpbcwdz0', 'go5tk6ni', 'atn333j9', '3q36knqh']
973	['3l6ipiwk', 'qh6rif48', '5hhbdzam', '9h74xlvv', 'wdw0a2kl']
974	['rxx0w56j', 'zbr3kfv2', 'pmcvhg2i', 'xcs9podj', '6yztqdt2']
975	['hb2lieh3', 'mqnqjn0c', 'f1utp08a', 'i55203bt', 'a793bgc1']
976	['tk7eturq', 'uba4wym6', '0ho4f5wg', '8wyfvk1k', 'hzv51czu']
977	['7qz1o6aa', 'i6mdlf36', 'mg9kypvn', 'mwaegtlx', 'wz6446aw']
978	['8o2xddof', 'xnrb0byz', 'fub50lvt', 'rh2jrojk', '2l883zhe']
979	['sgo76prc', 'b5eve7re', 'kutc6ts0', '35nshnn2', 'y04dub8o']
980	['otp1atui', 'iimx8nt8', '36flecmg', 'y12veqre', 'pzqmg22v']
981	['eyhtf6mv', 'm847xdzk', 'fcdwitxy', '1vj9p7vm', '9ige2pwd']
982	['eq5qqshb', '0crs45tt', 'v8m7cszi', 'bmgfoine', 'e9xx6mhg']
983	['u8mu4yga', 'ximw03ej', 'ordof7g5', 'pppb83nc', 'mt0c57cp']
984	['6hnts5l2', 'ckswlo9o', 'p9fhtjen', 'zmc0kl4r', 'orddpgl3']
985	['moplus2n', '37gpov43', 'ia8rou81', 'q5ie1v0v', 'i5h0gm3u']
986	['y6reys3r', '3d74ihpp', 'ezrarusj', 'p7rpfsph', 'cutwvq3b']
987	['cvoef8qt', 'imivfkaj', 'uwdzic4k', 'x7ffgtrd', '9rxv6fy9']
988	['8p81kc9z', 'h2l70h1u', 'faj85qxc', 'w7gr98j9', 'vszrekp9']
989	['9195zweg', 'nbdk83ok', '1peg3502', '7g7sgabs', 'fpexa30s']
990	['8acldtv2', '9169o29b', 'h2h4bnd5', 'l9lni5d3', '1y1ik2u9']
991	['lwpvyy49', 'vz8eu3vc', 'mzekhyu0', '97msfh4l', '18b6ikq3']
992	['jcq5omdq', 'h400e0kk', 'pkimbhz9', 'dij3wy6q', 'd4p5r746']
993	['3p2cuxk0', '0illlel7', '5nncqp3z', 'uk6whrhz', '7auhiq44']
994	['mkgszhkk', 'v49l6txn', 'b88nilfd', '0clp6zt6', '9gn4jcu9']
995	['faxm9rhz', 'bgr4h7kn', 'b6lq0aue', 'gufkvmdb', 'qgzc1moh']
996	['so6irh9b', 'tp7wthiv', 'tk0iwpnb', 'lclxe7i9', 'y40s45iv']
997	['kgggepu0', 'mi6bdisx', 'cabmmgg6', 'pfh6nm9r', '1vd4j3qc']
998	['jisznsr3', '8zm7n7j9', 'p699a0g2', 'zu5mg2im', 'n5ogyxz7']
999	['tloczjn5', 'g8tckoxj', '85jx7i06', 'pcekcvwr', 'cdr032lw']
1000	['w1tdg8bb', 'rfbihylo', 'fk62t9ym', 'g9pwxfd2', 'usi65ft4']
1001	['j8666ial', 'p40x3cxr', '28wn23nl', 'bpiiddi7', 'mena480g']
1002	['6akx6xpt', 'yjqt74q0', '49q2xxkw', 'qfrabyp7', 'c187k4yc']
1003	['55yxh5er', 'yj25zkx6', '914oafkn', 'j1lhgciv', 'aqcllik0']
1004	['74o2xil2', 'ze2rkb9z', 'eapwqsrc', 'nqcorcud', '5053t5ki']
1005	['9wx4ltyd', 's4cfdgbv', 'zzscey1f', 'egn81atf', 'ulwirxeu']
1006	['b4mjo92p', 'plzklj7c', 'k36t200n', 'v5beddu4', 'cutwvq3b']
1007	['56uzzrh8', '1z1tces3', 'eo1uz3g2', '3v8lijcn', '33cmymur']
1008	['65efipbi', '5upb25gt', 'xchvlphf', 'soa71kwx', '121p2shq']
1009	['hbyxy4ln', 'fmwb9abq', 'oa81rhdb', '7bhue8w5', 'h26a3h5f']
1010	['v7szuzfa', 'edsrpgjo', 'g2wpw330', 'kdxoyvsv', 'akbq0ogs']
1011	['2w80hys9', 'cv6no7nw', '24ie3mhq', '0bdi3yxk', 'hvy73er8']
1012	['yfdcgilr', 'fdn6h4gi', 'w49i0xkz', 'n8j1iq8p', 'asi26od1']
1013	['9dlaaye8', 'w4dyadpa', '8796x4ne', 'l7ekkgy6', '7cakttlp']
1014	['y9v8mbh9', 'w3gt0w41', 'tafg1xoo', 'zuz2992q', '8mmau2lz']
1015	['9pei109o', 'avmfz0z7', '7x9jzge5', 'hc4zu9t5', 'yy77zuu4']
1016	['w3kkizaq', 'e6m1tkrs', 'lkb09vs8', 'z479u0e3', 'pdfl15fz']
1017	['gw9hkw00', '47p4g80o', 'ypmeh8y3', 'x73moqog', 'ionhyrbf']
1018	['uxz185vr', 'ny7wkswf', 'oz047qmf', '3i82sxk8', 'nksd3wuw']
1019	['acyexmyq', '250glj07', 'nvebqwwh', 'iali360u', '8o2xddof']
1020	['6xxm7hcs', 't4os33em', '91gytlg2', '6cf23zfk', 'vuxxerob']
1021	['roe6g61u', 'ivy95jpw', '2v6zigt8', 'nxu1xoax', '14alhxc3']
1022	['7ru6tapp', 'b6lq0aue', '6msw06fb', '6ovv79ia', '5y6gjl2t']
1023	['soa71kwx', '6pn9jwfn', '65efipbi', '59u9ezr2', 'ftxgcgkb']
1024	['asrkuts7', 'dcmlei8z', '6srmai2o', '39nzvid1', '0dp28rsd']
1025	['g99myvw1', '46r46ja3', 'npe81wc8', '611ih9pl', 'tyaazpo9']
1026	['2fyo2q4n', '3w5ouagx', 'ck338ifc', 'ga1fks7l', 'p91vvukr']
1027	['eq5qqshb', 's96beqsh', 'zew4tzy7', '8k2v0u19', 'gtol0evh']
1028	['ximw03ej', '9pb2eqoa', '1aqf98e0', '4eak8e8l', 'iu1d9i57']
1029	['rfbihylo', 'fk62t9ym', 'g9pwxfd2', 'w1tdg8bb', 'c1k9ubbk']
1030	['vvmb92wo', '2tre0wat', 'f96qs295', '5z0xwlxp', 'w1bx4a7v']
1031	['9oui0l6v', 'e1macqqm', 'yidait6a', 'vadaxbsr', 'ppe8br4z']
1032	['fx2ikn2t', 'fjzhe9tp', 'k0f4cwig', '3sr2exq9', '7m33mjl1']
1033	['fu61afkg', '5jl2whuu', 'hg0lyy93', 'nerxtetr', 'qhrwngde']
1034	['nwb7qf9l', '4p6fcy8f', 'zc10b6j5', 'jk37ej4c', 'od5nnxvg']
1035	['d8gx7xbj', '48ay8yl3', '1pbo1qlb', '7qxs79qy', '4pfzwcjt']
1036	['vszlmtf4', 'xi17qo6z', '6aku7ghk', 'ywi0a8s1', '89ic6lmt']
1037	['0loj2fsm', 'qowp861l', '8gh3q7p3', '4pgish5x', 'mg8uyeuh']
1038	['qeqd4soe', '9wnkmn27', 'lm73oj21', 'roe6g61u', '14alhxc3']
1039	['zpv5f8pr', 'ko8lyoob', 'ok33bqqg', 'lgmdpxcl', 'nzy970he']
1040	['x4zcpr02', 'phl4mmpt', '4py6l839', 'fk62t9ym', 'w1tdg8bb']
1041	['7xb7hj9u', 'iff8cuum', '65efipbi', '59u9ezr2', 'yj3yisum']
1042	['ckswlo9o', 'z8ajje2l', 'r9qtzdvk', 'orddpgl3', 'ltga2btq']
1043	['iyc8j5mr', 'vjwu0fvp', 'krh63hqp', '7vdd5f4t', 'tc6btsdu']
1044	['82y56t7d', '5kchpjx0', 'hg3xpej0', 'geo7ac5i', 'jrqlhjsm']
1045	['195h4ofw', 'iz74o9de', 'pzqmg22v', 'yr27lnq8', 'iimx8nt8']
1046	['k4ubol2x', 'y6ufb4l6', 'yy77zuu4', '9y9lkt4x', 'vkxf3gha']
1047	['v5beddu4', 'l63d9lyd', 'cutwvq3b', 'plzklj7c', 'k36t200n']
1048	['ny7wkswf', 'uxz185vr', 'hg3xpej0', 'jrqlhjsm', 'oz047qmf']
1049	['vvmb92wo', 'xtraspw2', 'dxrltm25', 'ximw03ej', 'mnjy6bq2']
1050	['b2iit1ef', 'ozt85cz2', 'zkb1zbvq', 'wge6a6sy', '42i1i6br']
1051	['cjmmwl2q', 'ncayc5zj', 'ovpfh7sh', 'um51u84w', '92z77upt']
1052	['qe8mxow7', 'niw61l9r', 'yrq57wgs', 'oyplh9cn', 'r4btmprw']
1053	['jhge9qy5', '4mjrpjit', 'zelsywyu', 'hxpqexi1', '4iuxm6z2']
1054	['9n7a9g78', 'ehqk1d63', 'udr22zf7', 'gbpfypmn', 'kkz9sde7']
1055	['t0s5ufzv', '0qyhjutm', 'sdtr6yla', 'mbwo1m1o', 'f8ah4lzx']
1056	['cqv2cv9r', 'z9jqbliw', 'hitaptnp', 'rhgl6vss', 'ay7gv9lv']
1057	['qcssljgq', '7pbrnn2g', 'tuqp3ngs', '1l10diya', 'idg7c8wf']
1058	['r5v2gi3v', 'e4xw6gyp', '0i12e4tn', 'u3832seg', '55gugbs8']
1059	['38d6gb7o', 'eje3i558', 'b31ctbat', '1fgnfh62', 'uuy94dwa']
1060	['4pcv1i3i', 'p5ceve0x', 'ktwazcrd', '195h4ofw', 'ucysxk5c']
1061	['7zngkwoh', 'cnmawglq', '1vcc1khg', 'w3ls1d7w', '1aqf98e0']
1062	['ruewzstg', 't4y1ylb3', '7a543f7v', '3u3i5myh', '8l5i1z27']
1063	['keaxietu', 'dhy80rkn', '2yka2luy', 'mx924s06', '7omyaap8']
1064	['24u6q3ae', 'bw6a5gmy', 'znswomwk', 'edz3up3a', 'vge26qe9']
1065	['ffy19pp9', 'cmp1bvhd', '2lanvyia', 'jdob76wp', 'faj85qxc']
1066	['0bczgiyy', 'uyy8zytj', '17km3arw', 'zzyibdy7', 'k1adcls8']
1067	['34ulkvl4', 'gk3wr6s1', 'ra28885e', '72s5lbz1', 'oud5ioks']
1068	['t7a9edv3', 'xchvlphf', 'xwghd9ut', 'osct0lj6', '7z7zxcm2']
1069	['ziaiufzs', 'dptapovm', 'rytw6rfd', 'wb601nx8', 'toy8i1lm']
1070	['fep6qm4d', '8bjfoa9g', 'ktjhr028', 'icejfmzr', 'x51jorbm']
1071	['unhrmzn5', '7n6pva1l', 'nvqv99ak', 'dpws8p4y', 'cdsj5ba9']
1072	['4vtad2ve', 'q4q06pzc', 'h8ej5w6j', 'vw3cuiof', '1kubts7j']
1073	['8qdcls1k', 'ogchq8gz', 'xmd8fh95', '353wr671', 'tljydrnu']
1074	['qalficgu', 'cpfnva0v', 'wbso4fci', '0r3l3b88', 'hbyxy4ln']
1075	['aclcbxkd', 'urj0nssb', 'gc9eg5j3', 'ofbnzo6n', 'pfbgojxr']
1076	['trrg1mnw', 'o4vvlmr4', 'dcfqvp4p', '1v8xf5uy', 'n2kn7o67']
1077	['5kchpjx0', '25aj8rj5', '7oipjzq1', 'edr7hrhp', 'geo7ac5i']
1078	['xwkdz2jm', 'abjt5vfd', 'zuz2992q', 'h85c49cv', '8a8eheip']
1079	['5azti19e', 'lg6qorv0', 'um51u84w', 'z807g8i5', 'vww8d1ew']
1080	['cn0hqvsz', 't2gbeb3c', 'ql9cfh1j', 'eu1dgkw2', 'ngb7pbyl']
1081	['vtagfrds', 'z18owc90', 'rob84q03', 'omk29wlq', 'tve01g7i']
1082	['w9zyshzb', '3qefts96', 'uexahhdr', 'car394ou', 'kmwfce00']
1083	['cr2cute3', 'igm2qr4p', '33znyrn8', 'lvvw1npq', 'f3eogz0n']
1084	['vg7dvptg', 'jveh2w09', 'dm6pznm2', 'y89e2dju', 'lgflny84']
1085	['7hkowm2y', '7d3akn8u', '0bk9jmdu', 'u39a6nwc', 'zxe95qy9']
1086	['me08w1ir', 'td8uwcas', 'oi8epg9m', 'tadojzoj', '54fmvcl5']
1087	['ju87prqm', 'wt6azxc1', 'apfimvix', '7a7oi5dt', '81rxs247']
1088	['svgguadm', '28fu4ptm', 'rybjc58j', 'qnuphz59', '61snvddh']
1089	['vbayngh0', 'l19nsvun', 'rv26qfmf', 'wbk363w1', 'cj7tcpsz']
1090	['nbqukjzv', '7kxi7px1', '4aps0kvp', 'ldz5366v', 'iu6epm2i']
1091	['xof56j98', 't97pdl4u', '8dobncuw', 'cyfdvgvy', 'olv2kuwx']
1092	['0mwz8kwo', 'a0q61mpi', '0emibwp3', '46y1pa7o', 'y6zisciu']
1093	['8f83k2ce', '8gl323hs', 'z22g03v4', 'x4mgnhbg', 'isxasd9b']
1094	['t2gbeb3c', 'cn0hqvsz', 'dhdg6n05', '8dbjycgt', 'ql9cfh1j']
1095	['8zm7n7j9', 'u31ixcwa', 'zoipx650', 'jisznsr3', 'e0pz0z4j']
1096	['mxg2q1vd', 'dksw5yzp', 'ks0zkp57', 'uliopaz0', 'urj0nssb']
1097	['wf72fra8', 'n5qfwl57', 'lgtpeqhw', 'zvmwubuk', '2lap3xy0']
1098	['80yu5aiv', 'wcq3qqt4', 'f4jx3b2q', 'vrs88dcy', 'ey0r1py7']
1099	['aqke0012', '0vy5yifk', 'wcmxmahq', '1f6kq8co', '7auhiq44']
1100	['8co5gwkz', 'iali360u', 'vrjibtfi', 'qeqd4soe', '4gof1yl8']
1101	['j4p46aiv', 'g4hlvnmq', 'lby3xhmp', 'vmizkujc', 'kit7dfi2']
1102	['f96qs295', 't0iw2vod', 'opjfy3xr', 'wq92nfnd', 'x9sfgtim']
1103	['km2uxj9p', 'x7ybnese', '446p4tbc', 'sikgdopk', 'bccrvapy']
1104	['sgo76prc', '3w5ouagx', 'b5eve7re', 'f3mvdpq1', '52jtd51o']
1105	['ii3di3dz', 'pzqmg22v', '2u5zxc2i', 'jpenhh92', 'y12veqre']
1106	['0cnjtxyq', 'mkgszhkk', 'qsyqnwn5', '5b9jytph', 'a0q61mpi']
1107	['8wyfvk1k', 'hzv51czu', 'f1utp08a', 'dnxhtbxn', 'od0y5ruh']
1108	['td8uwcas', 'me08w1ir', 'oi8epg9m', '5ogges89', '6nt6msrm']
1109	['5ckds66x', 'z152rm9y', '9rgv88qf', 'i5vlkqvr', '8v7h87yc']
1110	['2sp8nm0i', '81pr5etw', 'ansf1j7u', 'ug088fmh', '5reb2q82']
1111	['f96qs295', 'ropgq7tr', 'x9sfgtim', '763v4duh', '1s8jzzwg']
1112	['y12veqre', 'otp1atui', 'iimx8nt8', '36flecmg', 'e0pz0z4j']
1113	['b6lq0aue', 'qgzc1moh', 'q9d88fxx', 'faxm9rhz', '1w3x0g42']
1114	['mxg2q1vd', '8p0xdqba', 'zsygn29p', 'ks0zkp57', 'uliopaz0']
1115	['z92xqedn', 'hkk23tqt', 'j8d47de9', '2w6p6jji', 'xld7ztx5']
1116	['1mu1o8rj', 'rcp6xlpg', '6bwd99d9', 'aktcrflj', 'v5yny0dw']
1117	['k2zrdjyo', 'apfimvix', 'krg8jvfz', '25bdifv6', '20xgqvxc']
1118	['bk3ss63e', 'cymppa7g', 'gi3vfi68', 'rlr17nah', 'lvvw1npq']
1119	['p3dex2to', 'jk37ej4c', 'gqwwfpch', 'i9jrobdb', '0ogmwreb']
1120	['uxz185vr', 'ny7wkswf', 'oz047qmf', 'ves8qc0c', 'n2rec4i8']
1121	['uu883ofc', '5i35zdmv', '1fgnfh62', 'g2u1f0ly', '2ejg2ngh']
1122	['q8l3ra55', '8f83k2ce', 's2j4qf0j', 't1vom8f3', '8jejswuk']
1123	['q2i328sz', 'w19729nl', 'am2rrgrb', 'p3qcflii', '1tx3tl0f']
1124	['ji3s6rnu', '6nsoj5we', 'n006o856', 'jvood8ur', 'dlao3plx']
1125	['zoipx650', '2u5zxc2i', 'iz74o9de', 'fcdwitxy', 'ii3di3dz']
1126	['geo7ac5i', '5kchpjx0', 'gpbcwdz0', '80cbwj3o', 'nksd3wuw']
1127	['c187k4yc', 'y2739974', 'vryngrq8', '4vvuye8u', 'r66vfirw']
1128	['uexahhdr', '3qefts96', 'cpc1yefj', 'w9zyshzb', '3s3tzfnn']
1129	['b2fwktld', 'gcecgi3n', 'ryj83uw3', '721ofhsv', 'tmp6yxlv']
1130	['pz3e9y4i', 'vnijpl9l', 'e4y6l4lx', 'fhc1qf8d', '0gjzpef1']
1131	['mkgszhkk', 'ximw03ej', 'gtwg0m54', 'tra5ewc5', 'vvmb92wo']
1132	['hiw576og', 'jincu9xx', 'k9xhphpl', 'tjplc5j6', '80dfqjql']
1133	['bw6a5gmy', '24u6q3ae', 'n0actmsc', '25jq098w', 'isc330rk']
1134	['5azti19e', '35xqlryc', 'uo3ww8j4', 'ca3h96bx', 'o8lasxcb']
1135	['so6irh9b', 'lclxe7i9', '12yshnt5', 'rcb943w2', 'tp7wthiv']
1136	['ln6t374j', '868txjrw', 'e1mtdo7v', 'kczhrxxd', 'rjelshrp']
1137	['ngywgodg', 'bw6a5gmy', 'edz3up3a', 'r1tl2hrk', '41uuzzpg']
1138	['7ld7hyaw', 'l6ksaaaj', '8ncc6d2n', 'ahxldfao', 'gme1zk3n']
1139	['cf3l8uzq', 'n119a7fx', 'g4nceu64', 'fo4ax1od', 'axd0s9cg']
1140	['f5p37j7g', 'noale9n1', 'o3bp0837', 'dogie34u', 'f4hj35dr']
1141	['2e2s1gof', 'ouk4adod', '30r8zd0l', 'q2i328sz', 'jqwoxfsc']
1142	['hjuftxwg', 'jvgq2p61', 'gof2of9o', 'aefzogn3', 'tmp6yxlv']
1143	['n6ro088v', '07niopag', 'e756pbyp', 'ti8hnjgc', 'f9vxfk68']
1144	['tah3jdw0', 'i6qoo03c', '9oxajwkk', 'r440fw19', 'lpqdnuil']
1145	['t4y1ylb3', '7a543f7v', '7wu8bfo4', 'cj3cpn5j', 'jfpa3rih']
1146	['n1ysi7qc', '8acldtv2', 'pscw933i', 'h2h4bnd5', 'l9lni5d3']
1147	['dt7hip0z', 'lrgmyfjs', 'e0pz0z4j', 'raw2mt47', 'flqdf8vd']
1148	['dgnddq80', '8jejswuk', 'y7lrp0gc', 'fasjkg7r', 'hqkrer9m']
1149	['ml27mexb', 'iu5ndsxn', '9wnkmn27', '2l883zhe', '80xhhcpm']
1150	['cb3u1s7s', 'm79zl7ka', '92f2xg0y', 'cutwvq3b', 'okbjepet']
1151	['nz976qc6', '186wyg7t', 'mo23hpe1', '2l883zhe', 'rh2jrojk']
1152	['iylmvmv3', 'upiu3e2d', '7zngkwoh', 'gin90aef', '1aqf98e0']
1153	['oxa060jf', '80cbwj3o', '78d7vub4', '3jfok14h', 'xi20pdvy']
1154	['32v44sw9', 'mt8h4rk5', '7mcfehzc', 'kfsuiz5t', '3e2soc6w']
1155	['ximw03ej', 'mkgszhkk', 'tra5ewc5', 'gtwg0m54', 'w1bx4a7v']
1156	['m89wmmxd', '1vyfy7i0', 'maxbdi99', 'a6nbpta2', 'moxjaxuy']
1157	['z94skip6', '7t7ho26v', 'wr6qa1vr', 'nt1e70dv', '660gckc7']
1158	['a702kkx0', '3phrv0c4', 'rg5sd5ya', '6k0nhmg9', '6hoajaru']
1159	['hb2lieh3', 'hwpn7ti1', 'bfmcqcq1', 'kxdfnykd', '6j9x3pn5']
1160	['0z7ey1nm', '5t16srpn', 'bre2ijbb', 'dblqryhy', 'ktm0akxd']
1161	['mkgszhkk', 'f96qs295', 'w1bx4a7v', 'gtwg0m54', 'vvmb92wo']
1162	['36flecmg', 'y12veqre', 'e0pz0z4j', 'ii3di3dz', 'jisznsr3']
1163	['w0ebmg16', '5z0xwlxp', 'xpwv8xlv', 'vvmb92wo', 'w2c01295']
1164	['8vk15klh', 'mup5hr7e', '7aaiyppx', 'hwpn7ti1', '29opurlw']
1165	['zdfx3zo3', 'dij3wy6q', 'd6a6nagk', 'qeqd4soe', 'y7lrp0gc']
1166	['n3yuvf8v', '7fua7kgs', 'dptapovm', 'pfvf8ujb', '9bhi3rqu']
1167	['8p0xdqba', 'zsygn29p', 'n2ih64pz', 'gepjgw23', 'cwekmw1a']
1168	['b4yj7vw0', 'pq75mafr', 'hnsv4ov0', 'n2t35wgn', 'vrixi8sq']
1169	['xchvlphf', '7tp8z7n8', 'gttuxtw6', 'pvshw2pn', 'a3efmczu']
1170	['h0spcvjl', 'x3f1yyjk', 'xhh4vgvn', '0phcscz8', '3eu5n942']
1171	['01h205jf', 'r4j1rcm5', 'xpwfoal7', 'bdxzphjb', 'v1egyqt4']
1172	['8ncc6d2n', '3i82sxk8', '8flh54lv', 'gme1zk3n', 'nli8ccyv']
1173	['znwa2kig', 'd1pgjtjh', '8pislcjr', 'glyoiu93', 'asrkuts7']
1174	['umvrwgaw', '0mwz8kwo', 't0iw2vod', 'f96qs295', 'hl956i02']
1175	['gjustwrb', 'n0actmsc', 'cgc0v1dg', 'bw6a5gmy', '86auifl6']
1176	['3tlv2b5x', 'qy4gsvac', 'on6ss822', '02u91ess', 'zzyibdy7']
1177	['g2j4uqem', 'kfjgy6wl', 'ib17jyva', 'jfuwelzt', 'k30wvnx8']
1178	['09fmkhu5', '81c2mn2c', 'jfjxujwj', 'bjjfxfei', '0l6ruql9']
1179	['z8ajje2l', 'lgptgv72', 'ckswlo9o', 'h98tts7e', 'w45ih46q']
1180	['ii3di3dz', 'jpenhh92', 'zoipx650', 'y12veqre', 'pzqmg22v']
1181	['y4m987yn', 'ciwozpc0', '8x3lqokw', '0pptqw7o', 'pb25lrnw']
1182	['3jgm3uhs', 'w1azm2mc', '39u1luqn', '0ho4f5wg', 'bsypo08l']
1183	['bns5eb1t', '5av8aqb4', '265cgz94', '2x2n8blg', 'mnsm39a8']
1184	['jtgpzrf9', 'spfc0fc0', 'mjb3ip7a', 'u0jddsup', 'c0i45oix']
1185	['jhge9qy5', 'ihler8r0', '6zjzy0ft', '6lsgwvsv', 'fa05sovj']
1186	['mag2289a', 'ewbtb3yc', 'q2i328sz', '1d8sb9rw', 'dfyshke7']
1187	['1s8jzzwg', 'h7ftu3ax', '844229sb', 'w1bx4a7v', 'xtmn1n0r']
1188	['c4m63cr3', 'a3fvifax', 'tv014ubp', '6bwd99d9', 'ee8bzn2l']
1189	['pdiyqdb3', 'oywhabcd', 'pg50i2ql', 'fo9uq389', 'ewf1z1ee']
1190	['iu5ndsxn', 'nz976qc6', 'qeqd4soe', 'mo23hpe1', 's0ca1r5s']
1191	['ximw03ej', 'u8mu4yga', 'w1bx4a7v', '844229sb', 'h7ftu3ax']
1192	['mz7b6ey3', 'lbxg93hl', 'dnm7s947', 'fe14iohb', 's82tyeis']
1193	['ej9qbrt8', '3tfof5nd', '4hog76lx', '4et61my3', 'qdmkx03t']
1194	['ximw03ej', 'mkgszhkk', 'tra5ewc5', 'gtwg0m54', 'ropgq7tr']
1195	['122yi9np', '5tpkcd5z', 'n2wqalcu', '1adt71pk', '2kd89h12']
1196	['36zu137v', '9n7a9g78', 'ehqk1d63', 'ocguwlam', 'u1s6ciy4']
1197	['z8ajje2l', 'a7frertc', '2hkdhwaw', 'pc04eb8e', 't4y1ylb3']
1198	['w04z2f0q', '2aoyzj2b', '2a12nsnl', '5tdmh0ac', 'n4ildbuc']
1199	['hgpiig0g', 'lt1pstm2', 's0ux3xzk', 'ydpabx0k', 'j7hih6o9']
1200	['wslsqytj', 'n3yuvf8v', '9bhi3rqu', '7fua7kgs', '8aosx41e']
1201	['jmdrupds', '3oetrhdh', 'b1w9ns78', '1oiqa5zg', 'kjd2t69f']
1202	['ki93iltt', 'jmzjfwxi', 'whloioyi', 'l3k9bb5m', '8brfph9v']
1203	['7n6pva1l', 'g36nudpa', '8ti6r0eh', 'lzgwxshi', 'n9aqux5a']
1204	['089b1z4b', 'gc9eg5j3', '21qgukm1', 'uliopaz0', 'ofbnzo6n']
1205	['jk37ej4c', 'p3dex2to', 'jjiiutd5', 'nwb7qf9l', 'ljpeq5aw']
1206	['3u3i5myh', 'z6cdyy0w', 'a4klrp3h', 'ypqusgs3', '70s04wty']
1207	['fo815n5l', 't4y1ylb3', '7wu8bfo4', '7a543f7v', 'ruewzstg']
1208	['bl96upg3', '1omv4r30', 'khkw1hhv', '0extp6r3', 'mut94ov1']
1209	['1zp73mvu', 'wg5cfp0k', '2cv0vuin', 'l0vycwd7', 'seuh82zy']
1210	['4ag4oune', 'rrvj5sc1', 'vrzl7h45', 'scw4p9wq', 'o61dn71v']
1211	['zyrvgaql', '7097q0r1', '24ie3mhq', '2w80hys9', '0bdi3yxk']
1212	['mlo8zypy', '9n7bkayx', '4hdj6mtf', 'ypls4zau', 'm89wmmxd']
1213	['2mtuw7gb', 'hltkddac', 'qjfe2t9v', 'kp4j9snc', 'xf7k56sp']
1214	['08mfxvql', 'f60z8jo2', 'xre1l41y', '4ylt5rhg', 'n9aqux5a']
1215	['4wi9lln9', 'zd7a5v4q', 'gr3tnp3c', 'rpxw3a01', '3qequ1ap']
1216	['dq3qunwe', '95e1kuux', '1r9975o8', 'dztaijzu', '52x62y5l']
1217	['ngbnnpni', 'stn5gl2b', 'zqjadbvh', 'sjsaw6yv', 'o86wki37']
1218	['o4ri7t16', 'dsvmh7t6', '9sub2wtu', 't1a8vnms', 'rog0fp93']
1219	['0n51j2jo', 'r0taoqsw', 'd2s3170w', '1ihib857', '9zco6ofx']
1220	['a9lw6vrs', '9oxajwkk', '5eo7wfle', '4cy3er3y', 'pvshw2pn']
1221	['gjustwrb', 'n0actmsc', 'isc330rk', 'bw6a5gmy', '6e444g2z']
1222	['1mu1o8rj', 'klmhhvtc', '855atuue', '1iqfm496', 'ks0zkp57']
1223	['1nk1t5qs', 'fsid4a39', '6k0nhmg9', '4kfl29ul', 'wvfw94n1']
1224	['ut1k8xe7', 'ijsn8d7b', 'eksi9yia', '0chuwvg6', 'tl16qf33']
1225	['lzddnb8j', '1a7ugd24', 'cgxs9uam', 't30yubp6', 'z0ni4cyl']
1226	['3jrb0sn8', 'zvlbs4cc', 'wi1slkpf', 'fu61afkg', '5jl2whuu']
1227	['zdfslfmb', 'hgg33kwz', 'g0cryapk', '9rrlfnww', 'uwc67iw1']
1228	['ax3e82js', 'qeqd4soe', '9wnkmn27', '0r580il2', '1l4o9pko']
1229	['2qwk2z22', '16ff3c7m', '40dsvwyb', 'u31ixcwa', '2hbcbvt6']
1230	['vvmb92wo', 'mnjy6bq2', 'w2c01295', 'bmmdygbs', 'ximw03ej']
1231	['so6irh9b', 'tp7wthiv', 'lclxe7i9', 'tk0iwpnb', '12yshnt5']
1232	['xokujzbl', 'wa5rxe76', 'i0bc6k81', 'rm6av6sj', 'uaccs7k9']
1233	['1l4o9pko', 'aakzdkcj', '9wnkmn27', 'fien6nra', 'qeqd4soe']
1234	['o78vcy90', 'sfm82h0g', '3urmf3ie', 'fpexa30s', '8glhd9xe']
1235	['ioclf03d', '7t7ho26v', 'hdjlnot1', 's6b2zp99', 'pta8enbu']
1236	['7vadpp3d', 'u8ptvem7', 'bgn6zrer', 'nbn44sxq', '2dvljm27']
1237	['sxi0tpsf', 'mnjy6bq2', 'ohkki0ke', 'w2c01295', '2f7wqamp']
1238	['6mfd3n4s', 'byvsuvn0', 'x7qlnugx', 'n2rec4i8', 'is9a77dk']
1239	['fteydbm8', 'ajzcx2rg', 'dlwwcryb', 'y6zisciu', 'pvrp8u8n']
1240	['cd7cfpx3', 'a6gczznx', 'm79zl7ka', 'cutwvq3b', '3a7utmsd']
1241	['q4m2uj6r', '5dbuxvc4', 'car394ou', 'g1o4t8ps', 'kmwfce00']
1242	['u89jd28e', '4vtad2ve', '6a6tyvtz', 'y04dub8o', 'daj5g788']
1243	['t1ughb9b', '8so80bf9', 'oi8epg9m', 'in69fhw9', 'rcrok8lr']
1244	['wubcq0xx', '855atuue', 'ypmeh8y3', 'f6vau5s6', 'uaccs7k9']
1245	['hfk8nikl', 'dcli6uaq', 'auo73dv7', 'hnj1jqr1', 'evuixig8']
1246	['bw6a5gmy', 'wdfzrzkt', 'r1tl2hrk', 'nln6pl3h', '1hfvmyfs']
1247	['wigakw9h', 'dljqpvyk', '52lf5gzr', 'ypmeh8y3', '855atuue']
1248	['belhjr5e', 'mo23hpe1', 'nz976qc6', 'iu5ndsxn', '0r580il2']
1249	['5xfgmi2n', 'an8957d8', 'gysvo8e9', '6cf23zfk', 'j3letcou']
1250	['ximw03ej', 'w3ls1d7w', '844229sb', 'iu1d9i57', 'umvrwgaw']
1251	['302hphhx', '0vmxjil6', 'y30na770', 'mqu6d8sp', 'w3zbf5k4']
1252	['k9xhphpl', '80dfqjql', '3ss714ha', 'jh3yfq4c', 'hiw576og']
1253	['mkgszhkk', 'w1bx4a7v', 'vkr0766i', '30pl5tx3', 'qi1henyy']
1254	['7lli72ph', 'rc6cza9r', 'p8ckcvyj', '0w905c2x', '58mdhe5v']
1255	['9wvlt53w', 'tmgmqtjq', '0bczgiyy', 'k1adcls8', 'ywvk6gu6']
1256	['9wnkmn27', '1l4o9pko', 'aakzdkcj', 'lm73oj21', 'hcw0cisk']
1257	['13kzv4b2', '9jfclm9c', 'piuasuld', '1ke7wisc', 'k4lqkqnx']
1258	['s7wykoze', '7xt894vr', '9x9toshx', 'n6d6ebhm', 'i3jsvtwp']
1259	['gdbr8zwr', 'jlnc3u6q', 'ywi0a8s1', '0n07fow0', 'il4wa97x']
1260	['6hehg1yf', 'w9qei8zj', 'nblbacmn', 'mqu6d8sp', 'w7smahni']
1261	['me08w1ir', 'td8uwcas', 'tadojzoj', '5g70w76j', 'b9jcuwu5']
1262	['tug2t7dm', 'vbhijlmn', 'n2kn7o67', 'wqicq5ry', '236otwxj']
1263	['ktm0akxd', 'dblqryhy', '5t16srpn', 'bre2ijbb', 'k5jkntul']
1264	['yfpioqi5', 'km0yzqqq', '0vjxc1bm', '2l5gc4x2', 'xgfk6txz']
1265	['v14gqr6q', 'd6qr2abi', 'dxb6ulf3', 'mfziqu80', '4c3evbqw']
1266	['gg2swy7i', '9oui0l6v', 'vadaxbsr', 'e1macqqm', 'vdup9q7v']
1267	['f60z8jo2', 'ypt4kt78', 'kyt14ufu', 'elycje9y', 'os0sslxc']
1268	['sz072p5o', 'r0nmq9ne', 'hdk02l2r', 'szekvw7e', '00ugdhvf']
1269	['7xb7hj9u', 'dccymlie', 'iff8cuum', 'eu2vjpw9', 'yn2aylru']
1270	['sgo76prc', '05vmhjjp', 'f3mvdpq1', '52jtd51o', 'la2wvnb0']
1271	['9e3mxt1a', '0chuwvg6', '3jgm3uhs', 's9lkvzpo', '0njeeoc3']
1272	['li5cw8xx', '3u3i5myh', 'ypqusgs3', 'irhizn0b', '8lnjbxe5']
1273	['r1tl2hrk', 'eml8uilb', 'ufzjvdho', 'ngywgodg', '164yx77a']
1274	['wa5rxe76', 't13pehgc', 'xzy98hm3', '97msfh4l', 'vpoqfm7d']
1275	['4p6fcy8f', 'jgq968f6', '56rn6d6o', 'qkjieod9', 'n5bqf6rj']
1276	['q8l3ra55', 'p0jht22m', '36flecmg', 't1vom8f3', 'iimx8nt8']
1277	['39zvwm0s', 'irhizn0b', 'mncip6jj', '9p2pzsx0', 'w74mx03c']
1278	['h4sbz3md', '4iuxm6z2', 'xmd8fh95', 'hapw6lv9', '5kz2s7ag']
1279	['mi6bdisx', '1vd4j3qc', 'z6cdyy0w', '3cr97dii', '7a543f7v']
1280	['pgasbdpp', 'ogrlupbx', 'l69kwh48', '6d3qvtne', 'd4eae8g3']
1281	['uk6whrhz', '3p2cuxk0', '0illlel7', '5frs2nhl', 'v2tehu35']
1282	['u42d1p1j', '8hvve871', 'p94qntyb', 'n24k9s1s', '723l0buc']
1283	['8gl323hs', '8f83k2ce', 'h13dq0x4', 'bccrvapy', 't1vom8f3']
1284	['qjfe2t9v', 'hltkddac', 'kp4j9snc', 'lcqxrcji', '2mtuw7gb']
1285	['m2id6kxw', 'l4o7nicc', 'pvshw2pn', 'auy3c2e0', '7mcfehzc']
1286	['lg6qorv0', 'i55203bt', 'st67fvgk', 'wk4zxmz9', 'akvp7d3s']
1287	['kt7km3jb', 'l85fi3lf', 'gcsew8u3', '8pemlz7a', '3lfmmfp2']
1288	['kjr6dcqv', 'g0cgjlok', 'gc9eg5j3', 'zsygn29p', '1smu8yc3']
1289	['x4mgnhbg', '72s5lbz1', '41jqgsv0', '95zrth5d', 'ii3di3dz']
1290	['zdfx3zo3', 'wmocjiwh', '8cvjsisw', 'd6a6nagk', 's3o9v1fl']
1291	['gkf3wez8', '10dkpj5h', '3xvphg52', '5sfojk7y', 'hfbi7sk5']
1292	['9xxv8a2d', '6fpw6y8t', 'jnwuu08w', '0si51n85', 'soa71kwx']
1293	['rfchb7ar', 'ex6dyr77', 'zu07vbc4', 'r4dgrxel', 'vbx8khih']
1294	['rcdoewwv', 'pl6dpxkz', 'bn22k0p3', '87fruomm', 'h8c8lc0a']
1295	['ja3v0wua', 'vx9vqr1k', 'z152rm9y', '9rgv88qf', '8gl323hs']
1296	['vdgu6h0a', 'gqwwfpch', 'zq9ehv7a', '4p6fcy8f', 'od5nnxvg']
1297	['5s1uj2qi', '4uieqidm', '5m23wtpi', '2xl0gp1o', 'ereh4ub8']
1298	['55gugbs8', 'hpbcwiwf', '7t7ho26v', 'u7ligk1k', 'r5v2gi3v']
1299	['z92xqedn', 'hkk23tqt', '2w6p6jji', 'aj885nl0', 'ahxldfao']
1300	['q58dzxwc', 'jswlq6wp', 'i3ahtzdd', 'krg8jvfz', 'klmhhvtc']
1301	['bfcz49t9', 'dxrltm25', 'ohkki0ke', 'vvmb92wo', '0vlh67jw']
1302	['td8uwcas', 'me08w1ir', 'lbkjxws4', 'm2id6kxw', '0aik5i71']
1303	['4c7ug40v', '914oafkn', 'ravcm60e', 'aqcllik0', 'yj25zkx6']
1304	['h5fvf5ja', '5o0ihd3f', 'nxh1su1i', 'qp8jxcdl', 'unbx6od5']
1305	['g4nto9kf', 'a4klrp3h', 'xi90m4jk', 'c9cenvt4', 'lv5s1bko']
1306	['ximw03ej', '7ruoysxu', 'umvrwgaw', 'mkgszhkk', '4eak8e8l']
1307	['z68tl88x', 'juofmvz2', '65gedo6u', 'a9k6hjzx', 'gh6bizzh']
1308	['ttl1ozc6', 'lg6qorv0', 'pg69ww3a', 't3b2adct', 'gufkvmdb']
1309	['3cl3q80m', '3i82sxk8', 'xld7ztx5', 'p7cbnrji', '71x3b75z']
1310	['mlo8zypy', '9n7bkayx', 'ypls4zau', '4hdj6mtf', 'maxbdi99']
1311	['p9c3g251', '1tamgmzm', '9z1caxee', '6vmfa6qx', 'yfzlbk46']
1312	['iz74o9de', '195h4ofw', 'ucysxk5c', 'ujy4i5uu', '2qwk2z22']
1313	['cutwvq3b', 'plzklj7c', 'v5beddu4', 'b4mjo92p', '9ixpj162']
1314	['5q49qq42', 'wnlse824', 'r5fdn7uz', 'xvqemhnq', 'u999bx7a']
1315	['cnz7jlw4', 'f0kcf2y0', 'mz1bof2x', 'x220pjeg', 'jxsldz4o']
1316	['v47publm', '1fdnbq1f', 'ecro0w9n', 'rhnr430g', 'msovjuk4']
1317	['v5beddu4', 'cutwvq3b', '9ixpj162', 'b4mjo92p', 'plzklj7c']
1318	['l97yi8l9', 'fub50lvt', 'lm73oj21', 'rh2jrojk', '407va85q']
1319	['vvmb92wo', 'ropgq7tr', 'w1bx4a7v', 'xtraspw2', 'x9sfgtim']
1320	['uaccs7k9', 'd9b814yp', 'ypmeh8y3', 'pb25lrnw', 'amw2c96l']
1321	['zweyxxg2', 'vx9vqr1k', 'lh82rl24', 'fiiyythk', '9rgv88qf']
1322	['a0q61mpi', 'ml27mexb', 'gw9hkw00', 'yixcdi41', 'b0545v23']
1323	['x7ffgtrd', 'c2s2lxw9', 'ewg9d4ei', '56spbdvd', '9rxv6fy9']
1324	['tlknj4hm', 'zjbyz1vy', 'bgiyvqgw', 'f15foaf2', 'kczhrxxd']
1325	['5t4twnpm', 'k1adcls8', 'ywvk6gu6', 'i5j4nmjz', 'ovgk0wsn']
1326	['cs2mgj70', 'yj652emy', 'p3clfah1', 'ifovibzi', '3o7rd8pt']
1327	['dgnddq80', 'p699a0g2', 'lgnhlxgd', 'y7lrp0gc', 's2j4qf0j']
1328	['9e3mxt1a', 'dnxhtbxn', 'bawgldfi', 'pwvcwlh8', '0chuwvg6']
1329	['fsid4a39', '8sed3htx', 'jbpocl1k', '0ctlde8w', 'rbau5dc2']
1330	['lty6oq3d', '5aev7ltr', 'bv7hvc1e', '0oq0xmzr', 'pxo11hwp']
1331	['0vy5yifk', 'wcmxmahq', 'n5bnpzj6', 'g05z8cux', 'rtp9j01c']
1332	['mkgszhkk', 'vvmb92wo', 'fj6l76hq', 'ropgq7tr', 'x9sfgtim']
1333	['jisznsr3', 'ii3di3dz', 'sm0112e3', 'jpenhh92', '2qwk2z22']
1334	['jc5ik84m', 'egzlstrz', 'z6gyw3um', '3bbiyucq', 'lz8b60ew']
1335	['qlng0zvn', 'wc6e0pxf', 'stew8m7u', 'afytjnny', 'c4g3vlrs']
1336	['6x8xp62f', '8tipkksu', '6qkjwsst', 'x9rv72dl', 'u1tv6n5s']
1337	['rp9opdmd', '5ax78ysz', '14alhxc3', 'ivy95jpw', 'rh2jrojk']
1338	['0njeeoc3', 'eecwjrdc', 's6sp3rme', 'u3ympejy', 'r5fdn7uz']
1339	['8gogju5n', 'jk0ju2eb', '1cvpw5hp', '91gytlg2', '0474ggrt']
1340	['mfziqu80', 's2hp3sat', 'h3tor88n', '1zuhilmu', 'ls4qfvwq']
1341	['43joavrl', 'wq0mebm4', '6yio5mjl', 'spohl5ey', 'ka2kyqmk']
1342	['2dixw8up', 'ub7ilx98', '1fdnbq1f', 'ecro0w9n', 'g2nhydu6']
1343	['adusu6pm', 'dyxfsojh', '0eftiyuw', '6lsl7ahj', 'jzm6nc41']
1344	['l2i3aa3k', 'ai60maqz', '3fiqpart', 'fxvro3wl', '0emibwp3']
1345	['zecuhkcd', 'yi2m5ukw', 'ucmzbezx', 'wtenvb27', '9ljou3ag']
1346	['dcli6uaq', 'hfk8nikl', 'mqk72say', 'hnj1jqr1', 'p7foay4k']
1347	['dljqpvyk', 'wt6azxc1', 't9hbbqay', 'nie9mud9', 'y8puocsa']
1348	['w0ebmg16', 'wn98fql3', 'ohkki0ke', 'vvmb92wo', '3fiqpart']
1349	['zc10b6j5', 's19w1p2i', '4p6fcy8f', 'llcit7x2', 'gqwwfpch']
1350	['z152rm9y', '7auhiq44', 'i5vlkqvr', 'u21glvb4', '9rgv88qf']
1351	['mkgszhkk', 'vvmb92wo', '1zuhilmu', 'nom4z0tv', 't0iw2vod']
1352	['yj25zkx6', 'aqcllik0', '2w68g7cv', '55yxh5er', 'bbs7zocu']
1353	['4d6az41t', 'pg69ww3a', 'pf2wsny3', 'lpar7tc8', 'soybk2i2']
1354	['14alhxc3', 'qeqd4soe', 'iu5ndsxn', 'roe6g61u', 's0ca1r5s']
1355	['mjb3ip7a', 'd6a6nagk', 'u0jddsup', 'ax3e82js', '675v58x8']
1356	['iu5ndsxn', 'rh2jrojk', '2l883zhe', '9wnkmn27', 'nz976qc6']
1357	['jgq968f6', 'zc10b6j5', '4p6fcy8f', '1foh6k53', 'llcit7x2']
1358	['f96qs295', 'mkgszhkk', 'tra5ewc5', 'gtwg0m54', 'atwx0a2s']
1359	['q7pieq3w', 'qeqd4soe', '8gl323hs', 'vuzbni5m', '2r0a357c']
1360	['mo4luyx6', 'dlpgq0rm', '33wpjnko', 'awn23o8y', 'k450igys']
1361	['apfimvix', '4vkkaqhz', 'kt47i60w', '5nr3j1ew', 'b6lq0aue']
1362	['8hchfgx6', 'ygvg9jfe', 'b88nilfd', '9gn4jcu9', 'uhkff67h']
1363	['jisznsr3', 'ii3di3dz', 'jpenhh92', 'e0pz0z4j', '2hbcbvt6']
1364	['sqxdwu6j', 'ao9bmat5', 'pq6c0zia', 'y420tku1', 'qxy2p79x']
1365	['5bl4h80v', 'zna49ifn', 'ud8cz3sp', 'xcduaqje', 'y2oqlr9x']
1366	['8ihlm3fw', 'sz072p5o', '2qre0gc7', '00ugdhvf', 'h5b7mncf']
1367	['uohbxoeb', 'oud5ioks', 'bzeqs5oh', 'oyr4klqk', 'zdfx3zo3']
1368	['ibnudp1x', '7q2jd0mf', 'kugpzkyx', 'iu2frsec', '6lz0kjen']
1369	['pvrp8u8n', '92f2xg0y', '73b58lcm', 'y6zisciu', 'bnzb1yon']
1370	['wgfdd3lm', '3tfof5nd', '9k4pwc2h', '6c47sm6i', 'j1kzjre0']
1371	['7b7on38r', 'hm332jqo', 'bakwk4tm', 'bawgldfi', 'q8dl0gcc']
1372	['3p2cuxk0', '7gqkyq1j', '5nncqp3z', '0illlel7', 'su028g3j']
1373	['d9b814yp', 'cwekmw1a', '855atuue', 'dksw5yzp', '7d6snq1v']
1374	['ximw03ej', 'mkgszhkk', 'gtwg0m54', 'iu1d9i57', 'tra5ewc5']
1375	['1992wisb', 'o3cr0xvm', 'ct4licep', 'rc5d6wi3', '2qcuygax']
1376	['uw0rrel5', 'cj7tcpsz', 'gjk8kc8g', 'uu883ofc', '5i35zdmv']
1377	['xtnyad3j', '6vqf2n5j', '8of3u2sc', 'mja2qlpk', '1vcc1khg']
1378	['gk3wr6s1', '34ulkvl4', '72s5lbz1', '8cvjsisw', 'hqkrer9m']
1379	['y1ob8tcq', '7aaiyppx', 'mup5hr7e', '69o6g1oe', '8wqii0nd']
1380	['qeqd4soe', 'roe6g61u', '2v6zigt8', '14alhxc3', '9wnkmn27']
1381	['pb25lrnw', 'v7szuzfa', 'edsrpgjo', 'ydh4ve24', 'g4hlvnmq']
1382	['ximw03ej', 'u8mu4yga', 'f96qs295', '844229sb', '1vcc1khg']
1383	['focpnnks', 'y1ob8tcq', '69o6g1oe', '5rsxnrdr', 'n3swuykg']
1384	['n0zppf8v', '8s7zy55f', 'wf72fra8', 'lgtpeqhw', 'zvmwubuk']
1385	['0j4z4ez7', '3unp46lw', 'grm6kfx7', 'rsrupgx4', 'lur9d6ji']
1386	['ximw03ej', 'mkgszhkk', 'iu1d9i57', '9pb2eqoa', 'f96qs295']
1387	['d21lvneh', 'a7eabvvo', 'mjb3ip7a', 'fien6nra', '95zrth5d']
1388	['icgsbelo', 'um51u84w', 'je585xia', 'sljh3o2k', '64ugdvfe']
1389	['xgfk6txz', 'b0qj7tck', '0vjxc1bm', '2l5gc4x2', 'yfpioqi5']
1390	['t3dzso36', 'sjrnu3f3', 'dyxfsojh', 'fcb8egak', 'ztc4wvlw']
1391	['9wnkmn27', '1l4o9pko', 'aakzdkcj', 'qeqd4soe', 'lm73oj21']
1392	['unx1pv2k', 'cgxs9uam', 'mfop9fne', 'e8mk04uf', 'usfvulc2']
1393	['urazxa6x', 'dg4rfgbw', 'j8dtmy7k', 'no7n99cg', '3iz0ozpx']
1394	['ktjfs3s7', '80xhhcpm', 'jisznsr3', 'mg7dfs1r', 'iimx8nt8']
1395	['y349r3r6', '7a7oi5dt', 'dlwfu274', '9ok153yl', '1k0qpuys']
1396	['bpnqz1cn', 'lht6lhry', 'ji3s6rnu', '9s9ctu9i', '6nsoj5we']
1397	['dsfbmhbj', '855atuue', 'pfbgojxr', '7o7v0ewg', 'in69fhw9']
1398	['a7frertc', '5al7jmeb', '42t0zriz', 'bikc25se', 'sts48u9i']
1399	['2j11uxmx', 'rb20ge7e', 'x73moqog', 'nt1e70dv', 't3dzso36']
1400	['zj0yxy2z', '0r12f0h3', 'fc86sjec', 'eydniusb', 'lbrvo18o']
1401	['ivy95jpw', 'l97yi8l9', '5ax78ysz', 'xnrb0byz', 'roe6g61u']
1402	['on53pegz', 'tuqmar6w', 'hhy9g1yf', '4ttda53p', 'ok33bqqg']
1403	['zpxnr9s9', 'ohkweon9', 'w7xaleep', '8rgpr2lo', 'na3c21pf']
1404	['dksw5yzp', '0zjpvzof', 'dti9o5x3', 'pfbgojxr', 'ks0zkp57']
1405	['u31ixcwa', '16ff3c7m', '2qwk2z22', '40dsvwyb', '383sp7f5']
1406	['ucmzbezx', 'zecuhkcd', 'yi2m5ukw', '0cnjtxyq', 'mkgszhkk']
1407	['xeb14weg', 'cjfn4dna', 'f2ypnls4', '4socpj73', 'lnls2mhg']
1408	['erdcvj30', 'di7hfghi', 'yfbg2n2u', 'yeowvvqi', 'byh09alo']
1409	['rwovxw7a', 'lgtpeqhw', 'zvmwubuk', '4kfbs7j4', 'n5qfwl57']
1410	['kp4j9snc', 'qjfe2t9v', '1mu1o8rj', 'hltkddac', '2mtuw7gb']
1411	['eyhgtpe0', 't3xd28ly', 'oe7fzahb', 'jhsqrto0', '71x3b75z']
1412	['cgc0v1dg', '095g2l66', '0zun27k4', 'gjustwrb', 'd0lulco7']
1413	['zoipx650', 'y12veqre', '36flecmg', 'iz74o9de', 'jisznsr3']
1414	['2scp98u0', 'svgguadm', 'rybjc58j', 'txnegebz', 'n311ptne']
1415	['ybpev0vi', '43fwrlk5', 'jcp3u4mf', '1tqwmy8m', 'c80hle1p']
1416	['ocl5qf9o', '2jdlavwj', 'hsm75cww', 'hfaiddki', '25aj8rj5']
1417	['f96qs295', '3h80bn0k', '1s8jzzwg', 'w0ebmg16', 'w1bx4a7v']
1418	['trmwm9qq', '9aw78s63', 'sygm6irl', '3m9yonqe', 'dqhdws5k']
1419	['rc5d6wi3', 'fo815n5l', 'ckswlo9o', 'fa05sovj', '3u3i5myh']
1420	['y6jw3gws', 'dzkhc9q5', 'sy2i7qe0', 'an8957d8', 'xykncac7']
1421	['ex6dyr77', '6xxm7hcs', 'fmgj3noh', 'vuxxerob', '91gytlg2']
1422	['fm8koqjd', 'ksgdjdh1', 'm4vu77v6', 'wvfw94n1', '7k8nlea3']
1423	['cr2cute3', '33znyrn8', 'b6lq0aue', 'ljt9rn8z', 'f3eogz0n']
1424	['s2vckt2w', 'vrs88dcy', 'qxxn1zf9', 'f4jx3b2q', 'wcq3qqt4']
1425	['g3ny530a', 'wp3rwdum', '7tqxng6p', '1be4l05u', 'b3nv1vl6']
1426	['3p2cuxk0', '5nncqp3z', 'bfmcqcq1', 'cfe6rb1x', '0illlel7']
1427	['m72i8vtq', 'sjqt01gr', 'alt4j58b', 'zqg1r6c8', '1mz44ole']
1428	['jy20xtwx', 'hgmwmrtq', '9p73l3rw', 'orddpgl3', 'dzkf7c7l']
1429	['irx4pcsx', 'tvg6q8cw', '9jfclm9c', 'v5beddu4', '09q2so3j']
1430	['yhmuvort', 'eoumpu50', 'ldmjcf2n', '0t5n87u6', '5053t5ki']
1431	['6age8sqe', '4rzttwyp', 't93vc14m', 'p6k449j5', '24wfokhg']
1432	['ximw03ej', 'tra5ewc5', 'f96qs295', 'w1bx4a7v', 'mkgszhkk']
1433	['zb7ge4b8', 'urk8aa5b', 'kyy53jru', 'jdsha5ol', '9n0sy82w']
1434	['ximw03ej', '844229sb', 'mkgszhkk', '1s8jzzwg', 'f96qs295']
1435	['ebgu29uh', 'hp62t734', 'vpoqfm7d', 'uaccs7k9', 't13pehgc']
1436	['hh643w7m', 'gepjgw23', 'i94boetk', '23n5r8qj', 'gdcqu3nb']
1437	['v7szuzfa', 'edsrpgjo', 'akbq0ogs', 'mviiowbw', 'i1icueuw']
1438	['lgtpeqhw', 'zvmwubuk', 'gg5c8v7d', 'k30wvnx8', 'n5qfwl57']
1439	['660gckc7', '78t2h7st', 'uliopaz0', 'gepjgw23', 'klmhhvtc']
1440	['9s63qogv', 'p91dk324', '4ifng0a6', 'fytashvs', '3jqsmc7p']
1441	['b0nkhsvv', '03z4u9v4', 'j5vhny44', 'lyewg2c9', 'i6x0334e']
1442	['ohyvuybc', 'vq9m9m94', 'x64zft78', '06fwhyac', 'kshzsz6n']
1443	['32ut5vr7', 'pwb7rw89', 'rll6asw2', 'lj37a4xn', '5ifrkb75']
1444	['ldmjcf2n', 'lg6qorv0', 'uo3ww8j4', 'st67fvgk', 'ttl1ozc6']
1445	['leg5ntvu', 'ihler8r0', 'xqpsdc8u', '9kk8pevp', 'ko42qlzr']
1446	['p699a0g2', 'y12veqre', 'dt7hip0z', 'otp1atui', '36flecmg']
